episode_reward_max,episode_reward_min,episode_reward_mean,episode_len_mean,episodes_this_iter,num_healthy_workers,timesteps_total,timesteps_this_iter,agent_timesteps_total,done,episodes_total,training_iteration,trial_id,experiment_id,date,timestamp,time_this_iter_s,time_total_s,pid,hostname,node_ip,time_since_restore,timesteps_since_restore,iterations_since_restore,warmup_time,custom_metrics/raw_reward_mean,custom_metrics/raw_reward_min,custom_metrics/raw_reward_max,custom_metrics/normalized_raw_reward_mean,custom_metrics/normalized_raw_reward_min,custom_metrics/normalized_raw_reward_max,custom_metrics/auxiliary_reward_coverage_rate_mean,custom_metrics/auxiliary_reward_coverage_rate_min,custom_metrics/auxiliary_reward_coverage_rate_max,custom_metrics/reward_coefficient_coverage_rate_mean,custom_metrics/reward_coefficient_coverage_rate_min,custom_metrics/reward_coefficient_coverage_rate_max,custom_metrics/coverage_rate_mean,custom_metrics/coverage_rate_min,custom_metrics/coverage_rate_max,custom_metrics/real_coverage_rate_mean,custom_metrics/real_coverage_rate_min,custom_metrics/real_coverage_rate_max,custom_metrics/mean_transport_rate_mean,custom_metrics/mean_transport_rate_min,custom_metrics/mean_transport_rate_max,custom_metrics/num_delivered_cargoes_mean,custom_metrics/num_delivered_cargoes_min,custom_metrics/num_delivered_cargoes_max,custom_metrics/num_selected_targets_mean,custom_metrics/num_selected_targets_min,custom_metrics/num_selected_targets_max,custom_metrics/num_valid_selected_targets_mean,custom_metrics/num_valid_selected_targets_min,custom_metrics/num_valid_selected_targets_max,custom_metrics/num_invalid_selected_targets_mean,custom_metrics/num_invalid_selected_targets_min,custom_metrics/num_invalid_selected_targets_max,custom_metrics/invalid_target_selection_rate_mean,custom_metrics/invalid_target_selection_rate_min,custom_metrics/invalid_target_selection_rate_max,custom_metrics/episode_raw_reward_mean,custom_metrics/episode_raw_reward_min,custom_metrics/episode_raw_reward_max,custom_metrics/episode_normalized_raw_reward_mean,custom_metrics/episode_normalized_raw_reward_min,custom_metrics/episode_normalized_raw_reward_max,hist_stats/episode_reward,hist_stats/episode_lengths,sampler_perf/mean_raw_obs_processing_ms,sampler_perf/mean_inference_ms,sampler_perf/mean_action_processing_ms,sampler_perf/mean_env_wait_ms,sampler_perf/mean_env_render_ms,timers/sample_time_ms,timers/sample_throughput,timers/learn_time_ms,timers/learn_throughput,timers/update_time_ms,info/num_steps_sampled,info/num_agent_steps_sampled,info/num_steps_trained,info/num_steps_trained_this_iter,info/last_target_update_ts,info/num_target_updates,perf/cpu_util_percent,perf/ram_util_percent,info/learner/default_policy/learner_stats/loss,info/learner/default_policy/learner_stats/grad_norm,info/learner/default_policy/learner_stats/td_error_abs,info/learner/default_policy/learner_stats/q_taken_mean,info/learner/default_policy/learner_stats/target_mean
2080.0,1324.0,1732.0833333333333,242.58333333333334,24,3,5822,1558,5822,False,24,1,b1f8b_00000,c45d7e9db04742289f3c512188e9cfe2,2026-03-21_22-09-05,1774105745,72.19124674797058,72.19124674797058,56051,ASUS-PAVT,172.27.211.168,72.19124674797058,1558,1,11.851318120956421,-31.421468647851967,-38.516746411483254,-24.844444444444445,-0.0024548022381134355,-0.0030091208133971293,-0.0019409722222222222,1.784065571895809,1.4272540983606556,2.1193647540983607,1.0,1.0,1.0,0.35747523322354197,0.28627049180327874,0.4238729508196722,0.353079183763305,0.2833099141295863,0.4426229508196721,0.5921223958333334,0.479375,0.65296875,64.0,64.0,64.0,3.9664020285272805,3.8833333333333333,4.054147465437788,0.46718135630638713,0.36598360655737705,0.5614341085271317,3.4992206722208934,3.384453781512605,3.6321285140562254,0.8779398581310152,0.8522574029611845,0.9046421252927399,-7579.166666666667,-8358.0,-6136.0,-0.5921223958333334,-0.65296875,-0.479375,"[1501.0, 1481.5, 1582.5, 2027.0, 1847.5, 1940.5, 1633.5, 2080.0, 1746.5, 1760.5, 1393.0, 1780.5, 1482.5, 1511.5, 2021.5, 1948.5, 1324.0, 1692.0, 2068.5, 1701.5, 1518.5, 1720.0, 1881.5, 1926.0]","[217, 224, 243, 258, 238, 255, 272, 270, 231, 238, 244, 249, 213, 249, 248, 260, 209, 220, 244, 251, 232, 265, 243, 249]",8.47434239051553,2.946482963942408,0.24427078443853142,100.56883773205375,0.0,8646.563,164.314,901.302,1576.331,20.384,5822,5822,11366,1558,5822,8,34.05600000000001,68.21600000000001,227.55247497558594,14640.32421875,7.412541243782092,-104.95420811938382,-105.95063783697047
2172.0,1418.5,1799.1,246.92,21,3,11006,1431,11006,False,45,2,b1f8b_00000,c45d7e9db04742289f3c512188e9cfe2,2026-03-21_22-10-13,1774105813,68.37257266044617,140.56381940841675,56051,ASUS-PAVT,172.27.211.168,140.56381940841675,2989,2,11.851318120956421,-30.70299738235628,-37.26126126126126,-23.62857142857143,-0.0023986716704965843,-0.0029110360360360367,-0.0018459821428571427,1.8241073638693683,1.5809386973180077,2.215811965811966,1.0,1.0,1.0,0.3653448381355126,0.3164750957854406,0.4446047008547009,0.3577354128443902,0.29378383718632683,0.42446511627906974,0.5865874999999999,0.516875,0.6575,64.0,64.0,64.0,3.870270596134169,3.7019650655021836,3.9893162393162394,0.47693888643551235,0.3957207207207207,0.5802350427350429,3.3933317096986566,3.2181222707423585,3.524353448275862,0.8732249478711382,0.8478932584269663,0.890150269541779,-7508.32,-8416.0,-6616.0,-0.5865874999999999,-0.6575,-0.516875,"[1518.5, 1720.0, 1881.5, 1926.0, 2142.0, 2074.0, 2015.0, 2172.0, 1805.5, 1946.0, 2053.5, 1603.0, 1625.5, 1617.0, 2133.5, 1650.5, 1746.0, 1468.0, 1616.5, 1720.0, 1788.5, 1920.0, 1619.0, 1418.5, 1797.5]","[232, 265, 243, 249, 280, 234, 281, 267, 254, 270, 270, 227, 209, 238, 305, 261, 229, 224, 241, 265, 227, 247, 218, 222, 215]",8.340180909316276,2.863935836432335,0.2453167612417203,100.12068269581692,0.0,7921.217,186.07,752.258,1959.301,19.952,11006,11006,21558,1431,11006,15,31.50526315789473,78.46105263157897,1039.7689208984375,21835.21875,14.692418981481481,-401.99021663172607,-402.7180293501048
2168.5,1332.5,1716.82,243.4,21,3,16189,1454,16189,False,66,3,b1f8b_00000,c45d7e9db04742289f3c512188e9cfe2,2026-03-21_22-11-24,1774105884,70.6939127445221,211.25773215293884,56051,ASUS-PAVT,172.27.211.168,211.25773215293884,4443,3,11.851318120956421,-31.707114032870358,-41.01960784313726,-24.671755725190838,-0.002477118283817997,-0.003204656862745098,-0.0019274809160305338,1.7633725331504468,1.3894589552238805,2.0901162790697674,1.0,1.0,1.0,0.3533308942823842,0.27798507462686567,0.4194186046511628,0.3405286661758194,0.2591835465529495,0.42446511627906974,0.5975,0.505,0.695,64.0,64.0,64.0,3.7755857253811542,3.672161172161172,3.9453488372093024,0.4512961076149371,0.33488805970149255,0.5519396551724137,3.324289617766217,3.1601239669421486,3.4990671641791047,0.8766584641716313,0.8485652709359605,0.912004486496091,-7648.0,-8896.0,-6464.0,-0.5975,-0.6950000000000001,-0.5049999999999999,"[1920.0, 1619.0, 1418.5, 1797.5, 2135.5, 1550.5, 1350.5, 1491.0, 1823.5, 1505.0, 1988.0, 1847.0, 1850.0, 1815.0, 2032.5, 1682.5, 1340.5, 1936.0, 1489.5, 1407.0, 1332.5, 2168.5, 1815.0, 1952.0, 1653.5]","[247, 218, 222, 215, 273, 228, 217, 255, 273, 224, 255, 232, 241, 236, 262, 223, 204, 257, 268, 234, 233, 296, 274, 242, 256]",8.328035223718244,2.81734256100957,0.24579832634182888,99.01189061081705,0.0,9627.634,152.208,798.888,1834.299,19.896,16189,16189,31783,1454,16189,22,31.335714285714293,82.71632653061225,1351.1859130859375,92079.3203125,17.45844437757909,-512.7786279229712,-508.28443088033015
2302.0,1235.5,1832.34,251.68,21,3,21413,1533,21413,False,87,4,b1f8b_00000,c45d7e9db04742289f3c512188e9cfe2,2026-03-21_22-12-55,1774105975,90.85637021064758,302.1141023635864,56051,ASUS-PAVT,172.27.211.168,302.1141023635864,5976,4,11.851318120956421,-30.14266342906624,-41.64423076923077,-21.56223175965665,-0.0023548955803958,-0.003253455528846154,-0.001684549356223176,1.8185896178526564,1.4849759615384615,2.4699570815450644,1.0,1.0,1.0,0.36425336174080025,0.2969951923076923,0.4943133047210301,0.35459500726353244,0.2950116402116402,0.5249172286940528,0.58804375,0.3925,0.67671875,64.0,64.0,64.0,3.670896534244345,3.5833333333333335,3.7728365384615383,0.47574910885395527,0.38125,0.682832618025751,3.19514742539039,2.994206008583691,3.3915865384615387,0.8651544422308937,0.8075498160637645,0.893153331043956,-7526.96,-8662.0,-5024.0,-0.58804375,-0.67671875,-0.3925,"[2168.5, 1815.0, 1952.0, 1653.5, 1627.5, 2223.5, 1948.5, 1636.0, 1819.0, 1945.0, 1960.0, 2283.5, 2302.0, 1483.0, 1642.5, 1608.5, 2040.0, 1891.0, 1381.0, 1919.0, 1235.5, 2021.0, 1877.5, 1640.0, 1735.5]","[296, 274, 242, 256, 234, 274, 228, 234, 262, 251, 272, 295, 233, 232, 228, 230, 250, 270, 225, 287, 208, 267, 251, 244, 249]",8.392022694091523,2.7962245183571266,0.2456585967543697,98.76632700673446,0.0,11816.679,126.101,1268.936,1174.291,21.929,21413,21413,42361,1533,21413,29,25.6816,86.44239999999999,1579.4693603515625,28247.759765625,16.369208149869536,-443.07456784083496,-442.042726679713
2244.0,1363.5,1825.24,250.36,21,3,26661,1490,26661,False,108,5,b1f8b_00000,c45d7e9db04742289f3c512188e9cfe2,2026-03-21_22-14-02,1774106042,66.9941508769989,369.1082532405853,56051,ASUS-PAVT,172.27.211.168,369.1082532405853,7466,5,11.851318120956421,-30.590015712847194,-39.03004291845494,-24.83206106870229,-0.0023898449775661868,-0.0030492221030042916,-0.001940004770992366,1.8243057415948265,1.4629828326180256,2.1412213740458017,1.0,1.0,1.0,0.36544804371364753,0.29324034334763943,0.42824427480916033,0.3449368415132101,0.2829574428196476,0.4362468193384224,0.5951187499999999,0.50828125,0.71046875,64.0,64.0,64.0,3.5557815525513394,3.4756944444444446,3.6772908366533863,0.48290491272993663,0.38870967741935486,0.5976923076923077,3.072876639821404,2.9070212765957453,3.2450819672131144,0.8584944914506448,0.8239700091575092,0.8861332515838953,-7617.52,-9094.0,-6506.0,-0.5951187499999999,-0.71046875,-0.5082812499999999,"[2021.0, 1877.5, 1640.0, 1735.5, 1986.5, 1911.5, 1579.5, 2173.5, 1672.0, 1991.5, 1554.5, 1642.5, 1670.0, 1838.5, 1993.0, 1746.5, 1798.0, 1994.0, 1363.5, 1571.0, 2131.0, 1878.0, 2244.0, 1629.0, 1989.0]","[267, 251, 244, 249, 266, 310, 234, 268, 258, 235, 216, 236, 248, 253, 245, 237, 225, 282, 233, 248, 260, 254, 262, 244, 234]",8.606313110772417,2.7890983149921698,0.24583851846112637,98.7327990841085,0.0,10424.629,144.274,1218.982,1233.816,20.422,26661,26661,52795,1490,26661,36,27.272826086956517,90.17173913043477,1141.9110107421875,18528.6640625,13.993396078020135,-345.3679739932886,-344.7981753355705
2400.0,1250.5,1876.18,245.0,21,3,31792,1610,31792,False,129,6,b1f8b_00000,c45d7e9db04742289f3c512188e9cfe2,2026-03-21_22-15-19,1774106119,76.8989691734314,446.0072224140167,56051,ASUS-PAVT,172.27.211.168,446.0072224140167,9076,6,11.851318120956421,-30.1953103658095,-39.97285067873303,-22.226027397260275,-0.002359008622328867,-0.0031228789592760184,-0.001736408390410959,1.910907848233823,1.4145927601809956,2.3058510638297873,1.0,1.0,1.0,0.38305371644175834,0.2846153846153846,0.4617375886524823,0.3650534456281955,0.27227429433311784,0.4362468193384224,0.5724625,0.4696875,0.69015625,64.0,64.0,64.0,3.4609734232213816,3.374468085106383,3.5442913385826773,0.5213535216840668,0.4149019607843138,0.6597744360902256,2.939619901537315,2.7781954887218046,3.086136363636364,0.84400539668351,0.8018828320802004,0.8759299719887954,-7327.52,-8834.0,-6012.0,-0.5724625,-0.69015625,-0.46968750000000004,"[1878.0, 2244.0, 1629.0, 1989.0, 1419.5, 2151.0, 1782.0, 1689.5, 1656.0, 2253.5, 2167.5, 1905.0, 1668.5, 1855.5, 2365.0, 1693.5, 1958.0, 1801.0, 1629.5, 1597.5, 2077.5, 2400.0, 1708.5, 2135.5, 1250.5]","[254, 262, 244, 234, 220, 250, 247, 255, 204, 266, 235, 235, 247, 255, 292, 258, 261, 235, 236, 216, 259, 277, 206, 256, 221]",8.552634786621125,2.781339280330777,0.24599963464314523,98.62270742435042,0.0,9772.711,153.11,981.659,1524.257,19.882,31792,31792,63160,1610,31792,43,28.91132075471698,91.80566037735846,1866.151611328125,28605.041015625,16.89447665954969,-390.11040372670806,-389.37717391304346
2692.5,1250.5,1862.1,239.08,24,3,37548,1404,37548,False,153,7,b1f8b_00000,c45d7e9db04742289f3c512188e9cfe2,2026-03-21_22-16-44,1774106204,85.20164632797241,531.2088687419891,56051,ASUS-PAVT,172.27.211.168,531.2088687419891,10480,7,11.851318120956421,-31.099679477324553,-43.14572864321608,-22.444444444444443,-0.002429662459165981,-0.0033707600502512567,-0.0017534722222222225,1.9383336355519736,1.4145927601809956,2.4036458333333335,1.0,1.0,1.0,0.38847742915061834,0.2846153846153846,0.48163194444444446,0.36821067677959496,0.27227429433311784,0.44406663359788356,0.5727812499999999,0.48921875,0.69015625,64.0,64.0,64.0,3.351250598000974,3.2602880658436213,3.457317073170732,0.5617973498754143,0.43461956521739126,0.8219339622641509,2.7894532481255596,2.44811320754717,2.9495475113122174,0.8265360690754089,0.7379228436657682,0.864847049689441,-7331.6,-8834.0,-6262.0,-0.57278125,-0.69015625,-0.48921875000000004,"[1250.5, 2020.0, 1283.0, 1716.0, 2312.5, 2301.0, 1420.5, 1766.0, 1758.5, 1871.0, 2082.0, 1851.5, 1876.0, 2268.0, 1784.5, 1964.5, 1900.5, 1676.0, 1535.0, 2307.5, 1505.0, 2692.5, 1898.0, 1604.0, 1908.5]","[221, 246, 199, 235, 279, 272, 215, 245, 244, 248, 254, 230, 255, 286, 219, 248, 212, 230, 215, 240, 204, 288, 229, 243, 220]",8.632704936502677,2.7694316113105053,0.24599929924695754,98.19377617157467,0.0,10043.924,150.16,860.927,1751.833,20.244,37548,37548,75140,1404,37548,51,27.02051282051282,91.85128205128206,397.6961364746094,25815.537109375,9.973399105235043,-254.36382656695156,-252.11540687321937
2238.5,1480.5,1917.8,236.6,24,3,43243,1500,43243,False,177,8,b1f8b_00000,c45d7e9db04742289f3c512188e9cfe2,2026-03-21_22-18-14,1774106294,89.97977566719055,621.1886444091797,56051,ASUS-PAVT,172.27.211.168,621.1886444091797,11980,8,11.851318120956421,-30.615734020857445,-38.66019417475728,-24.96727272727273,-0.0023918542203794878,-0.003020327669902913,-0.0019505681818181818,2.030388994111459,1.6595528455284554,2.375,1.0,1.0,1.0,0.4067622575615125,0.33191056910569106,0.4753275109170305,0.3852259293295486,0.3151819589624468,0.4651965065502183,0.5614375,0.4590625,0.65078125,64.0,64.0,64.0,3.2395623517135186,3.1585106382978725,3.3666666666666667,0.6042479174023032,0.4404166666666666,0.7177480916030535,2.635314434311216,2.5128440366972473,2.7970833333333336,0.8092920697064224,0.7741748455107234,0.8610962301587303,-7186.4,-8330.0,-5876.0,-0.5614375,-0.6507812500000001,-0.45906250000000004,"[1908.5, 1960.0, 2001.0, 1689.5, 1875.0, 1633.0, 1633.5, 2238.5, 1849.0, 2213.5, 1890.0, 1972.5, 2106.5, 2076.5, 1699.5, 1879.0, 1480.5, 1946.5, 1746.0, 2175.5, 2184.5, 1705.0, 1856.0, 2054.5, 2171.0]","[220, 230, 242, 221, 232, 246, 205, 262, 235, 275, 208, 261, 256, 258, 218, 210, 206, 225, 240, 229, 269, 209, 271, 231, 256]",8.649897460091863,2.7629041512472634,0.24596665438007276,97.98465730585231,0.0,10871.001,134.284,815.268,1790.578,20.435,43243,43243,86806,1500,43243,59,26.540650406504067,92.8951219512195,168.4530029296875,4987.412109375,7.158043619791667,-143.83407291666666,-143.65914583333333
2770.5,1611.5,2152.24,248.84,21,3,48497,1423,48497,False,198,9,b1f8b_00000,c45d7e9db04742289f3c512188e9cfe2,2026-03-21_22-19-24,1774106364,69.89168286323547,691.0803272724152,56051,ASUS-PAVT,172.27.211.168,691.0803272724152,13403,9,11.851318120956421,-27.9346681399011,-38.421052631578945,-19.829457364341085,-0.0021823959484297733,-0.0030016447368421055,-0.0015491763565891475,2.1618134592512943,1.7121771217712176,2.684593023255814,1.0,1.0,1.0,0.43325337873584474,0.3429889298892989,0.5372577519379845,0.397945604256559,0.2993557987711213,0.5402648578811369,0.5385875,0.3996875,0.6425,64.0,64.0,64.0,3.138833518046704,3.052371541501976,3.264354066985646,0.683285728295783,0.4487084870848708,0.8042910447761195,2.4555477897509217,2.2973880597014924,2.7302583025830263,0.7788516087610331,0.7376430348258707,0.8536830082586541,-6893.92,-8224.0,-5116.0,-0.5385875,-0.6425000000000001,-0.3996875000000001,"[1705.0, 1856.0, 2054.5, 2171.0, 1611.5, 1830.0, 2378.5, 2204.0, 1957.5, 2169.0, 2481.5, 1874.5, 2306.5, 2770.5, 2263.0, 2668.0, 2385.0, 2219.5, 2008.0, 2010.0, 2457.0, 2033.0, 2047.5, 2527.5, 1817.5]","[209, 271, 231, 256, 224, 209, 235, 256, 229, 244, 253, 236, 254, 258, 242, 306, 259, 280, 247, 259, 281, 232, 234, 268, 248]",8.694485961381233,2.846135225060051,0.24578438870247454,98.3093658394284,0.0,9944.592,148.774,994.369,1487.879,22.341,48497,48497,97105,1423,48497,66,28.759375000000002,93.03020833333333,95.50487518310547,12924.6435546875,5.3784855663650735,-87.04643029690794,-88.00188861560085
2612.0,1534.5,2061.64,243.64,24,3,54340,1473,54340,False,222,10,b1f8b_00000,c45d7e9db04742289f3c512188e9cfe2,2026-03-21_22-20-53,1774106453,88.72325015068054,779.8035774230957,56051,ASUS-PAVT,172.27.211.168,779.8035774230957,14876,10,11.851318120956421,-29.004639359299958,-40.29896907216495,-21.152,-0.002265987449945309,-0.0031483569587628865,-0.0016524999999999999,2.1202407943625,1.7740384615384615,2.6725113122171944,1.0,1.0,1.0,0.4247689592513349,0.35639423076923077,0.5368778280542986,0.3909869845142102,0.2993557987711213,0.5075177763413057,0.54748125,0.413125,0.620625,64.0,64.0,64.0,3.036883302743401,3.0047169811320753,3.099798387096774,0.7321103353370151,0.5621399176954732,0.8628440366972476,2.304772967406386,2.153893442622951,2.498559670781893,0.757766309952583,0.7138493883792049,0.8142957573976093,-7007.76,-7944.0,-5288.0,-0.54748125,-0.620625,-0.41312499999999996,"[1817.5, 2414.0, 2021.0, 1861.0, 1997.0, 2270.5, 2270.0, 1921.0, 2471.0, 1852.0, 1845.0, 2101.5, 2014.0, 1962.0, 2362.5, 2112.5, 2612.0, 1881.0, 2271.0, 1818.0, 2169.5, 1855.0, 1832.0, 1534.5, 2275.5]","[248, 286, 240, 240, 218, 249, 287, 212, 250, 217, 260, 285, 232, 237, 221, 236, 281, 243, 246, 236, 254, 254, 221, 194, 244]",8.67652290272221,2.841017586177484,0.24551113260232937,98.35275974852065,0.0,10360.948,139.379,887.584,1627.001,23.165,54340,54340,108646,1473,54340,74,25.96693548387097,92.92500000000001,65.3547134399414,4568.115234375,4.781865572492363,-36.524848311269515,-36.64776391717583
2922.5,1534.5,2168.86,242.04,21,3,59478,1510,59478,False,243,11,b1f8b_00000,c45d7e9db04742289f3c512188e9cfe2,2026-03-21_22-22-22,1774106542,89.00201153755188,868.8055889606476,56051,ASUS-PAVT,172.27.211.168,868.8055889606476,16386,11,11.851318120956421,-28.344669879446784,-40.29896907216495,-18.810035842293907,-0.00221442733433178,-0.0031483569587628865,-0.0014695340501792117,2.233315148335339,1.8257874015748032,2.7675189393939394,1.0,1.0,1.0,0.44760050627505416,0.36673228346456693,0.5548295454545454,0.40034098258843237,0.3109870641169854,0.5101433982683983,0.529175,0.39703125,0.61078125,64.0,64.0,64.0,3.0153022398325056,2.9542682926829267,3.038793103448276,0.7651114964475364,0.5893700787401576,0.965719696969697,2.250190743384969,2.04280303030303,2.4244094488188974,0.745733054230977,0.6789457070707071,0.8041568241469816,-6773.44,-7818.0,-5082.0,-0.529175,-0.6107812499999999,-0.39703124999999995,"[1855.0, 1832.0, 1534.5, 2275.5, 2309.5, 2090.5, 1958.0, 2105.5, 1945.0, 2344.5, 1862.0, 1843.0, 2368.5, 2375.0, 1780.0, 2230.0, 2157.5, 1859.0, 2922.5, 2918.5, 2093.0, 2898.5, 2473.5, 1923.5, 2267.0]","[254, 221, 194, 244, 256, 241, 243, 235, 250, 253, 235, 206, 233, 256, 220, 246, 253, 212, 264, 279, 215, 269, 290, 244, 238]",8.69173399384977,2.8861330250669535,0.24511406627627647,98.46553989715498,0.0,11506.385,126.312,1018.322,1427.25,20.692,59478,59478,118861,1510,59478,81,25.15785123966942,93.34545454545456,56.729000091552734,4406.0234375,3.9232732305463576,53.757967715231786,54.90949917218543
2488.5,1527.0,2042.58,239.28,24,3,65222,1494,65222,False,267,12,b1f8b_00000,c45d7e9db04742289f3c512188e9cfe2,2026-03-21_22-23-51,1774106631,88.23133754730225,957.0369265079498,56051,ASUS-PAVT,172.27.211.168,957.0369265079498,17880,12,11.851318120956421,-29.903423408272985,-38.17142857142857,-21.644444444444446,-0.002336204953771327,-0.002982142857142857,-0.0016909722222222222,2.134121697606169,1.8178571428571428,2.4484304932735426,1.0,1.0,1.0,0.42777825666561603,0.3659523809523809,0.49050822122571,0.39386224018830956,0.33842608529355517,0.46568871252204586,0.553275,0.4565625,0.62625,64.0,64.0,64.0,3.0429746047560644,2.837037037037037,3.296931407942238,0.7272704352535817,0.5883534136546185,0.8680672268907563,2.315704169502483,2.1016597510373445,2.633754512635379,0.7587342612781312,0.7108193277310925,0.8029097341747944,-7081.92,-8016.0,-5844.0,-0.553275,-0.62625,-0.4565625,"[2267.0, 2184.0, 2091.5, 1922.5, 2318.0, 2101.5, 1995.0, 1862.5, 1527.0, 2144.0, 1928.5, 2066.0, 1947.5, 1877.5, 2324.5, 1635.5, 2140.5, 2288.5, 1811.0, 2476.0, 2488.5, 1772.5, 1830.5, 1916.0, 2148.5]","[238, 223, 236, 219, 263, 251, 221, 209, 210, 277, 249, 230, 225, 228, 286, 211, 241, 254, 235, 270, 271, 227, 207, 239, 262]",8.803876297421725,2.8903406515861563,0.24511839515683065,98.3436706241786,0.0,10491.399,139.896,800.743,1832.923,19.957,65222,65222,130514,1494,65222,89,27.02892561983471,93.56776859504134,102.04595184326172,4002.75244140625,4.579154835487785,110.56019912985275,110.62624456157965
2530.5,1658.0,2059.58,243.72,21,3,70380,1483,70380,False,288,13,b1f8b_00000,c45d7e9db04742289f3c512188e9cfe2,2026-03-21_22-25-02,1774106702,71.01036143302917,1028.047287940979,56051,ASUS-PAVT,172.27.211.168,1028.047287940979,19363,13,11.851318120956421,-28.910746302142098,-35.768115942028984,-23.29151291512915,-0.0022586520548548514,-0.0027943840579710143,-0.0018196494464944649,2.1107836933664,1.884090909090909,2.4845617529880477,1.0,1.0,1.0,0.4231441546499232,0.3781818181818182,0.497410358565737,0.38810119808765625,0.33395566502463053,0.4987393795692551,0.54624375,0.474375,0.60875,64.0,64.0,64.0,3.0159891151660934,2.911259541984733,3.2556818181818183,0.7351459950221146,0.59,0.8374999999999999,2.2808431201439787,2.129460580912863,2.507727272727273,0.7553381069673156,0.7190218926553672,0.8049732142857143,-6991.92,-7792.0,-6072.0,-0.54624375,-0.60875,-0.474375,"[1772.5, 1830.5, 1916.0, 2148.5, 2036.0, 1729.0, 1903.5, 2329.0, 1880.5, 1658.0, 2494.5, 2530.5, 2167.5, 1924.5, 2051.0, 2296.0, 2228.0, 2140.0, 1921.0, 1929.5, 2138.0, 2146.0, 2319.5, 2167.0, 1833.0]","[227, 207, 239, 262, 235, 214, 232, 262, 236, 220, 251, 290, 255, 237, 240, 241, 253, 243, 230, 248, 244, 241, 284, 271, 231]",8.897488080426106,2.8701855761345887,0.24545344493038385,98.64046265743144,0.0,10247.214,142.273,929.963,1567.697,20.878,70380,70380,140815,1483,70380,96,30.917346938775513,93.85000000000001,58.924686431884766,1461.7015380859375,3.734257456907451,93.28733985165205,93.90976904922455
2615.5,1604.0,2045.5,238.12,24,3,76102,1442,76102,False,312,14,b1f8b_00000,c45d7e9db04742289f3c512188e9cfe2,2026-03-21_22-26-23,1774106783,80.61945223808289,1108.666740179062,56051,ASUS-PAVT,172.27.211.168,1108.666740179062,20805,14,11.851318120956421,-28.91618564756443,-36.0,-21.54263565891473,-0.0022590770037159706,-0.0028125000000000003,-0.001683018410852713,2.1484573112583876,1.7063829787234042,2.5343992248062017,1.0,1.0,1.0,0.43059547205001186,0.3417021276595745,0.5080426356589148,0.4015826711218942,0.26248129903302314,0.5086734693877552,0.5367375,0.43421875,0.6634375,64.0,64.0,64.0,2.9814245557102548,2.6738683127572016,3.2467105263157894,0.7298880701633631,0.5036866359447004,0.9689853556485355,2.2515364855468922,1.8239016736401672,2.57828947368421,0.7533835157344784,0.6469565650527994,0.8240001645819619,-6870.24,-8492.0,-5558.0,-0.5367375,-0.6634375,-0.43421875,"[1833.0, 1659.5, 2153.0, 2019.5, 2615.5, 2001.5, 2177.5, 2141.5, 1797.0, 1924.5, 2099.0, 2068.0, 1879.5, 1981.5, 2193.5, 2099.5, 1769.5, 1924.0, 2201.0, 2244.5, 2126.5, 2215.0, 1604.0, 2129.5, 2280.0]","[231, 217, 251, 233, 258, 235, 237, 224, 261, 228, 243, 239, 230, 248, 242, 227, 240, 219, 254, 227, 253, 231, 235, 239, 251]",8.87464596481763,2.8809189903601333,0.24579593652969564,98.75810757321712,0.0,10119.54,141.578,756.509,1893.83,20.408,76102,76102,152233,1442,76102,104,30.05892857142857,93.10357142857141,87.73811340332031,1976.735595703125,3.8944692836555133,95.33460471567268,95.96894504160888
2611.0,1583.5,2083.36,241.08,24,3,81878,1530,81878,False,336,15,b1f8b_00000,c45d7e9db04742289f3c512188e9cfe2,2026-03-21_22-27-48,1774106868,85.49496865272522,1194.161708831787,56051,ASUS-PAVT,172.27.211.168,1194.161708831787,22335,15,11.851318120956421,-28.932949071798085,-35.69777777777778,-21.181208053691275,-0.0022603866462342246,-0.0027888888888888894,-0.001654781879194631,2.1609031557934384,1.7594444444444444,2.4872093023255815,1.0,1.0,1.0,0.4329743125523806,0.3535555555555556,0.49796511627906975,0.40737996511489705,0.32186967418546364,0.4931889290012034,0.5395125000000001,0.46484375,0.6275,64.0,64.0,64.0,3.015868558442232,2.8784860557768925,3.279783393501805,0.7503800722355899,0.5781007751937984,0.9915584415584415,2.265488486206642,2.0376623376623377,2.5243682310469313,0.7499342874631388,0.6711219336219335,0.8047029702970296,-6905.76,-8032.0,-5950.0,-0.5395125000000001,-0.6275000000000001,-0.46484375,"[2280.0, 2359.0, 2597.0, 2114.0, 1916.0, 1583.5, 1921.5, 1840.5, 2139.0, 2154.0, 2051.0, 2206.5, 2309.0, 1766.5, 2229.0, 1833.0, 2164.5, 2062.0, 1707.0, 2348.5, 1974.0, 2065.0, 2611.0, 1591.0, 2261.5]","[251, 249, 277, 242, 258, 225, 216, 231, 215, 248, 247, 241, 259, 205, 234, 240, 231, 285, 219, 252, 217, 245, 298, 202, 240]",8.918863486501595,2.8717481328640724,0.245794899081638,99.0315862209644,0.0,10487.566,140.357,777.858,1892.377,19.627,81878,81878,164043,1530,81878,112,29.129059829059827,93.04786324786323,42.23788833618164,947.891845703125,3.046163960375817,99.86595179738562,100.25879289215686
2702.0,1591.0,2161.02,253.04,21,3,87219,1462,87219,False,357,16,b1f8b_00000,c45d7e9db04742289f3c512188e9cfe2,2026-03-21_22-29-01,1774106941,72.55296754837036,1266.7146763801575,56051,ASUS-PAVT,172.27.211.168,1266.7146763801575,23797,16,11.851318120956421,-27.562187967413866,-35.17821782178218,-21.181208053691275,-0.002153295934954208,-0.002748298267326733,-0.001654781879194631,2.129194015694169,1.8705533596837944,2.355729166666667,1.0,1.0,1.0,0.4264770284954821,0.37450592885375494,0.47156250000000005,0.4016011719913953,0.3353794642857143,0.49014810648668916,0.540275,0.455,0.6203125,64.0,64.0,64.0,2.9983652897599233,2.909090909090909,3.031395348837209,0.7127359494582821,0.5642276422764229,0.877797833935018,2.2856293403016408,2.10956678700361,2.4601626016260165,0.7616902173112571,0.704197180677325,0.8126575203252032,-6915.52,-7940.0,-5824.0,-0.5402750000000001,-0.6203125,-0.45499999999999996,"[2065.0, 2611.0, 1591.0, 2261.5, 1770.0, 2645.5, 1754.0, 2429.5, 2409.5, 2077.5, 1907.5, 1924.5, 2090.5, 2592.0, 2702.0, 1943.5, 2357.5, 2025.0, 2187.0, 1893.0, 2148.5, 1944.5, 2121.5, 2292.0, 2282.0]","[245, 298, 202, 240, 215, 290, 228, 272, 267, 245, 246, 240, 251, 277, 290, 243, 275, 245, 268, 253, 242, 256, 241, 254, 243]",8.956447625040218,2.897289825519827,0.24596751569596112,99.31734035945782,0.0,9883.841,146.998,775.911,1872.509,20.731,87219,87219,174119,1462,87219,119,32.069306930693074,92.90396039603964,41.94733810424805,1826.22216796875,3.1566828402872775,96.47485251367989,97.02107558139535
2691.0,1683.5,2140.5,244.96,21,3,92349,1409,92349,False,378,17,b1f8b_00000,c45d7e9db04742289f3c512188e9cfe2,2026-03-21_22-30-07,1774107007,66.18411064147949,1332.898787021637,56051,ASUS-PAVT,172.27.211.168,1332.898787021637,25206,17,11.851318120956421,-27.69472543710832,-34.280701754385966,-22.28767123287671,-0.0021636504247740875,-0.0026781798245614032,-0.0017412243150684932,2.1874038092272174,1.8459429824561404,2.5864583333333333,1.0,1.0,1.0,0.4381884152551534,0.36973684210526314,0.5197916666666667,0.4229238782353208,0.3353794642857143,0.5382158317872604,0.52676875,0.445,0.610625,64.0,64.0,64.0,3.004697848544981,2.8137450199203187,3.1737132352941178,0.7502481062373632,0.5902390438247012,1.0621575342465754,2.2544497423076177,1.9284246575342463,2.5141544117647054,0.7496279050193677,0.6473573059360731,0.7934699298045912,-6742.64,-7816.0,-5696.0,-0.52676875,-0.610625,-0.44499999999999995,"[1944.5, 2121.5, 2292.0, 2282.0, 1906.0, 2013.5, 2109.5, 2483.0, 1874.0, 2367.0, 2324.0, 2371.5, 1964.0, 1989.0, 2337.0, 2691.0, 1933.5, 2192.5, 2078.5, 2219.5, 2309.5, 1898.5, 1958.0, 1683.5, 2169.5]","[256, 241, 254, 243, 209, 248, 251, 240, 222, 231, 282, 245, 251, 237, 246, 292, 245, 242, 249, 250, 259, 225, 206, 228, 272]",8.983668922565938,2.9164619540378056,0.24602713179650335,99.47147062280537,0.0,9359.27,157.523,738.132,1997.339,20.307,92349,92349,184510,1409,92349,126,27.962637362637363,92.79890109890108,83.72059631347656,2308.6416015625,3.7527591875887154,130.20384581263306,130.02264460610363
2491.5,1870.0,2134.74,242.76,24,3,98146,1437,98146,False,402,18,b1f8b_00000,c45d7e9db04742289f3c512188e9cfe2,2026-03-21_22-31-34,1774107094,86.92001724243164,1419.8188042640686,56051,ASUS-PAVT,172.27.211.168,1419.8188042640686,26643,18,11.851318120956421,-28.54994842649161,-32.67307692307692,-25.283333333333335,-0.0022304647208196567,-0.0025525841346153845,-0.001975260416666667,2.20188081912907,1.9642857142857142,2.4825721153846154,1.0,1.0,1.0,0.4410773002305731,0.3937675070028011,0.4965144230769231,0.40205685295770927,0.3516969009826153,0.4664123606889564,0.5404,0.4740625,0.593125,64.0,64.0,64.0,3.027161284844731,2.8581349206349205,3.294979079497908,0.7538772285838242,0.5984126984126985,0.9746861924686193,2.2732840562609065,2.0232217573221756,2.695397489539749,0.7484869589581394,0.6741283124128311,0.8090834827654912,-6917.12,-7592.0,-6068.0,-0.5404000000000001,-0.5931250000000001,-0.4740625,"[2169.5, 2228.5, 2491.5, 2248.0, 2186.5, 2065.5, 1983.0, 2179.0, 2090.0, 2309.5, 2282.0, 2303.5, 1957.5, 1980.5, 2224.5, 2065.5, 2011.5, 1887.5, 2052.0, 2132.5, 2008.0, 2275.0, 1870.0, 2058.0, 2309.5]","[272, 235, 267, 238, 239, 249, 222, 238, 252, 253, 249, 261, 247, 237, 231, 208, 234, 239, 237, 251, 252, 240, 238, 243, 237]",8.9524683915894,2.9058999428328516,0.24612213999642865,99.22149888561925,0.0,10515.746,138.915,870.356,1678.394,20.212,98146,98146,196275,1437,98146,134,27.23553719008265,92.85289256198347,69.26956939697266,1253.8734130859375,3.321950297929715,125.3125,125.5076222164231
2689.5,1638.5,2159.96,245.52,21,3,103326,1366,103326,False,423,19,b1f8b_00000,c45d7e9db04742289f3c512188e9cfe2,2026-03-21_22-32-46,1774107166,71.540935754776,1491.3597400188446,56051,ASUS-PAVT,172.27.211.168,1491.3597400188446,28009,19,11.851318120956421,-27.434709218258686,-35.05357142857143,-21.813953488372093,-0.0021433366576764598,-0.0027385602678571433,-0.00170421511627907,2.2016660371395154,1.816390041493776,2.7798672566371683,1.0,1.0,1.0,0.44130097102864874,0.36410788381742737,0.5576327433628319,0.41453758438550664,0.31832542975696504,0.5157796038769491,0.52448125,0.400625,0.63328125,64.0,64.0,64.0,3.029003917130517,2.8179245283018868,3.3316326530612246,0.7537549206081177,0.6008298755186723,0.9317829457364342,2.2752489965223988,2.0495744680851065,2.6057142857142854,0.7497762506829412,0.6877016210739614,0.7999498616874136,-6713.36,-8106.0,-5128.0,-0.52448125,-0.63328125,-0.400625,"[2275.0, 1870.0, 2058.0, 2309.5, 2513.0, 2343.0, 1961.0, 1638.5, 2157.5, 2146.0, 2099.0, 2049.0, 2361.0, 2343.0, 1751.0, 2068.5, 2044.0, 2143.0, 2382.5, 2394.0, 2222.5, 1812.0, 2689.5, 2186.0, 2182.5]","[240, 238, 243, 237, 226, 265, 231, 224, 275, 262, 243, 244, 235, 244, 241, 218, 245, 251, 257, 258, 255, 228, 258, 245, 275]",8.969997042093803,2.899942259968457,0.2462474579919855,99.4751612147237,0.0,9371.627,156.27,797.56,1836.226,19.434,103326,103326,206537,1366,103326,141,29.710204081632657,92.71020408163265,40.69047164916992,606.8468017578125,2.981811880890831,110.14667596998535,110.1980119875549
2756.5,1622.0,2137.34,240.76,24,3,109070,1479,109070,False,447,20,b1f8b_00000,c45d7e9db04742289f3c512188e9cfe2,2026-03-21_22-34-00,1774107240,73.0026113986969,1564.3623514175415,56051,ASUS-PAVT,172.27.211.168,1564.3623514175415,29488,20,11.851318120956421,-28.59705952467329,-36.75,-22.213740458015266,-0.002234145275365101,-0.00287109375,-0.0017354484732824426,2.2175933474629024,1.7863436123348018,2.6382211538461537,1.0,1.0,1.0,0.4444097159325387,0.35726872246696034,0.5280048076923077,0.407265016381434,0.27979437229437226,0.5029723190089045,0.5336812499999999,0.44703125,0.65671875,64.0,64.0,64.0,3.01503887540758,2.9748995983935744,3.035335689045936,0.7682372140862725,0.6003504672897196,1.080769230769231,2.246801661321307,1.9108173076923076,2.4150763358778624,0.7445983165581593,0.6347126831501831,0.8013336059614685,-6831.12,-8406.0,-5722.0,-0.5336812500000001,-0.65671875,-0.44703125,"[2182.5, 2221.0, 2220.5, 2073.0, 2242.5, 2257.5, 2114.0, 1748.5, 2195.0, 2121.5, 1746.5, 2526.5, 2156.0, 2240.0, 2202.0, 1622.0, 1935.5, 2449.5, 2030.0, 2219.0, 2439.0, 1760.0, 2303.5, 2756.5, 1671.5]","[275, 234, 251, 238, 249, 246, 247, 207, 208, 245, 216, 283, 250, 253, 223, 227, 242, 262, 242, 243, 246, 214, 240, 262, 216]",8.95900610411595,2.9357736284702933,0.24649579113210834,99.3492035565913,0.0,8487.282,171.775,778.904,1871.732,20.297,109070,109070,218207,1479,109070,149,31.19603960396039,92.5059405940594,43.880062103271484,900.0758056640625,3.044546172456051,108.79970630493577,109.1783088235294
3110.0,1671.5,2175.54,242.6,24,3,114919,1479,114919,False,471,21,b1f8b_00000,c45d7e9db04742289f3c512188e9cfe2,2026-03-21_22-35-22,1774107322,81.92722535133362,1646.2895767688751,56051,ASUS-PAVT,172.27.211.168,1646.2895767688751,30967,21,11.851318120956421,-27.745382336223493,-36.75,-20.62372881355932,-0.0021676079950174606,-0.00287109375,-0.0016112288135593218,2.2389744862429954,1.8927824267782427,2.635593220338983,1.0,1.0,1.0,0.44878978724022495,0.37904463040446307,0.5275000000000001,0.4111309554201711,0.32250661375661377,0.5130594727161251,0.5205875,0.45953125,0.62015625,64.0,64.0,64.0,3.0202054031064836,2.9732142857142856,3.0407239819004523,0.753698929594799,0.5911255411255412,0.9450643776824035,2.2665064735116847,2.063519313304721,2.4272727272727272,0.7499283569329172,0.6855972818311873,0.8043001443001442,-6663.52,-7938.0,-5882.0,-0.5205875,-0.62015625,-0.45953125,"[1671.5, 2182.0, 1836.5, 2260.0, 2072.5, 2312.0, 1772.5, 2411.5, 3110.0, 2299.5, 1919.5, 2187.0, 2635.5, 2417.5, 2197.5, 1997.5, 2266.0, 2334.5, 2095.0, 1809.5, 2548.5, 2418.5, 1958.0, 1836.5, 1839.5]","[216, 221, 216, 219, 229, 233, 231, 278, 295, 246, 207, 261, 286, 250, 272, 242, 242, 269, 239, 239, 254, 245, 243, 208, 224]",8.976745327124931,2.9732456226541824,0.2466700349417661,99.4143974522102,0.0,8887.838,164.472,795.028,1838.677,19.997,114919,114919,229879,1479,114919,157,30.364912280701752,92.30350877192984,48.97541046142578,1085.289794921875,3.23256185556119,133.02045300878973,133.220715010142
2629.5,1688.0,2126.94,240.68,24,3,120712,1455,120712,False,495,22,b1f8b_00000,c45d7e9db04742289f3c512188e9cfe2,2026-03-21_22-37-00,1774107420,97.57150626182556,1743.8610830307007,56051,ASUS-PAVT,172.27.211.168,1743.8610830307007,32422,22,11.851318120956421,-28.368175436002797,-38.1151832460733,-22.130769230769232,-0.002216263705937719,-0.002977748691099476,-0.0017289663461538462,2.2076609901492974,1.8239299610894941,2.4411764705882355,1.0,1.0,1.0,0.4426705789499515,0.36517509727626457,0.48981092436974794,0.4152921448779786,0.31538169353344453,0.47635714285714287,0.52850625,0.44953125,0.6359375,64.0,64.0,64.0,3.0050063246692402,2.882142857142857,3.0341796875,0.783371741588548,0.5438818565400844,0.9442528735632184,2.2216345830806925,2.0634099616858235,2.480379746835444,0.7388185977890099,0.6854086845466155,0.8196453686960016,-6764.88,-8140.0,-5754.0,-0.52850625,-0.6359375,-0.44953125,"[1839.5, 1746.0, 2166.0, 1688.0, 2195.5, 2484.0, 2029.5, 2451.0, 2396.5, 1931.0, 2324.0, 1959.0, 2466.5, 2629.5, 2318.5, 2043.5, 1859.5, 2280.5, 1784.0, 2344.5, 1875.0, 2225.0, 1743.5, 2183.0, 2210.5]","[224, 227, 228, 191, 260, 256, 222, 260, 251, 220, 238, 227, 280, 285, 249, 231, 216, 243, 237, 261, 257, 230, 215, 240, 269]",8.973304131747014,2.9621468047187607,0.24662045902940308,99.58207308083526,0.0,10756.131,136.48,756.781,1939.795,20.797,120712,120712,241599,1455,120712,165,25.934328358208955,92.16567164179105,58.92577362060547,2526.448486328125,3.3248996590420963,149.32778135738832,149.19589776632301
2665.0,1624.5,2139.6,243.68,21,3,125850,1512,125850,False,516,23,b1f8b_00000,c45d7e9db04742289f3c512188e9cfe2,2026-03-21_22-38-21,1774107501,81.17760181427002,1825.0386848449707,56051,ASUS-PAVT,172.27.211.168,1825.0386848449707,33934,23,11.851318120956421,-28.067810741005754,-35.42325581395349,-22.46456692913386,-0.0021927977141410746,-0.0027674418604651174,-0.0017550442913385827,2.1926870240118874,1.8629587155963303,2.6625536480686693,1.0,1.0,1.0,0.4392046370415725,0.372591743119266,0.5325107296137339,0.4030412242378729,0.32189801426643533,0.504069970845481,0.53093125,0.4446875,0.61765625,64.0,64.0,64.0,3.0128007686327067,2.9240384615384616,3.033596837944664,0.7493033969355458,0.537,0.9704081632653061,2.2634973716971607,2.043877551020408,2.471,0.7505945825830712,0.6780544217687074,0.8207666666666666,-6795.92,-7906.0,-5692.0,-0.53093125,-0.6176562500000001,-0.4446875,"[2225.0, 1743.5, 2183.0, 2210.5, 2451.0, 2025.5, 1951.0, 2072.0, 2481.5, 1758.0, 1624.5, 2497.0, 2663.0, 2243.0, 2158.5, 1861.0, 2174.0, 2209.0, 2665.0, 1672.5, 2428.0, 1986.5, 2029.0, 1874.0, 2304.0]","[230, 215, 240, 269, 254, 221, 247, 253, 233, 222, 218, 259, 260, 269, 246, 247, 250, 253, 258, 212, 245, 250, 255, 250, 236]",8.973349291849447,2.954639793818991,0.24637279093717881,99.65403302855044,0.0,11687.718,126.372,721.956,2045.832,20.666,125850,125850,251970,1512,125850,172,26.74196428571429,91.63303571428573,47.723472595214844,1251.376220703125,3.077189450541501,113.93939112103175,114.38404224537037
2924.0,1650.0,2207.04,246.6,21,3,131024,1439,131024,False,537,24,b1f8b_00000,c45d7e9db04742289f3c512188e9cfe2,2026-03-21_22-39-50,1774107590,88.51202273368835,1913.550707578659,56051,ASUS-PAVT,172.27.211.168,1913.550707578659,35373,24,11.851318120956421,-27.79309203909289,-35.89655172413793,-19.638376383763838,-0.002171335315554132,-0.002804418103448276,-0.0015342481549815497,2.2320324096068354,1.7780172413793103,2.7074074074074073,1.0,1.0,1.0,0.4472758715797756,0.3560075431034483,0.542037037037037,0.41332001845414823,0.2977124384236453,0.49282505175983443,0.5305749999999999,0.41578125,0.650625,64.0,64.0,64.0,3.0216987115617515,3.0064102564102564,3.0394144144144146,0.7791212240099092,0.537,1.1122775800711744,2.242577487551842,1.909964412811388,2.471,0.741222439502465,0.6301071852228435,0.8207666666666666,-6791.36,-8328.0,-5322.0,-0.530575,-0.650625,-0.41578125,"[1986.5, 2029.0, 1874.0, 2304.0, 2514.0, 2421.5, 1650.0, 1954.0, 2373.5, 1936.5, 1899.5, 2666.5, 2620.5, 2022.0, 1938.5, 2262.0, 2369.5, 1814.0, 2924.0, 1846.0, 2082.0, 2720.0, 2391.0, 2141.0, 2436.5]","[250, 255, 250, 236, 281, 269, 232, 243, 257, 222, 222, 265, 269, 234, 217, 260, 264, 206, 270, 223, 239, 271, 254, 246, 230]",9.01506408569001,2.9442442734306407,0.2462337885538857,99.59004840675003,0.0,12135.221,119.495,708.352,2047.146,21.427,131024,131024,262014,1439,131024,179,23.293388429752067,91.86446280991737,39.84889221191406,673.0005493164062,3.0005992388377347,116.51005472550382,116.7444514419736
3174.0,1649.0,2256.54,252.32,21,3,136331,1457,136331,False,558,25,b1f8b_00000,c45d7e9db04742289f3c512188e9cfe2,2026-03-21_22-41-21,1774107681,91.39483785629272,2004.9455454349518,56051,ASUS-PAVT,172.27.211.168,2004.9455454349518,36830,25,11.851318120956421,-26.640447693667582,-35.18721461187214,-18.05263157894737,-0.00208128497606778,-0.002749001141552511,-0.001410361842105263,2.2292450037399076,1.703512396694215,2.6483695652173913,1.0,1.0,1.0,0.4466056371687712,0.340805785123967,0.531413043478261,0.4096899065344053,0.2777882723337269,0.49282505175983443,0.5180125,0.41578125,0.63234375,64.0,64.0,64.0,3.017241863508078,3.0054744525547443,3.026255707762557,0.767967748407568,0.5650826446280992,0.9520437262357414,2.2492741151005102,2.0698193916349807,2.444214876033058,0.7447975269467442,0.6835732391816041,0.8116322314049587,-6630.56,-8094.0,-5322.0,-0.5180125,-0.6323437500000001,-0.41578125,"[2720.0, 2391.0, 2141.0, 2436.5, 1923.5, 1931.5, 1949.0, 1649.0, 2633.0, 2559.0, 2102.5, 2156.5, 2546.0, 3174.0, 2416.0, 2236.5, 1736.0, 2365.5, 2460.5, 1821.0, 2193.5, 2678.5, 1806.0, 2177.5, 2210.0]","[271, 254, 246, 230, 219, 240, 227, 242, 281, 274, 236, 253, 282, 304, 263, 241, 219, 240, 261, 221, 274, 311, 230, 240, 249]",9.018094732221504,2.934629557336624,0.24614530382586255,99.52218000844695,0.0,12160.876,122.73,919.965,1622.345,21.499,136331,136331,272560,1457,136331,186,23.826400000000007,92.1224,40.326602935791016,2011.396240234375,3.1972351283673643,113.28266557995882,113.73728122855182
2645.0,1636.0,2146.08,242.84,24,3,142153,1581,142153,False,582,26,b1f8b_00000,c45d7e9db04742289f3c512188e9cfe2,2026-03-21_22-43-16,1774107796,114.71888971328735,2119.664435148239,56051,ASUS-PAVT,172.27.211.168,2119.664435148239,38411,26,11.851318120956421,-27.868503506231164,-33.612612612612615,-22.088,-0.0021772268364243096,-0.0026259853603603604,-0.001725625,2.2110536281395494,1.8423423423423424,2.6466450216450217,1.0,1.0,1.0,0.4428983318571648,0.3689189189189189,0.531060606060606,0.4185748108790354,0.30010857142857145,0.5225856912813434,0.5247125,0.4190625,0.6246875,64.0,64.0,64.0,3.018177028812346,3.0064338235294117,3.0314885496183206,0.769197380950516,0.5939393939393939,0.9713999999999999,2.24897964786183,2.0576,2.4287878787878787,0.7445485158617113,0.67709,0.8035039167182024,-6716.32,-7996.0,-5364.0,-0.5247125,-0.6246875,-0.4190625,"[2210.0, 1970.5, 2373.0, 1786.5, 2075.0, 1636.0, 2445.5, 2480.0, 2613.0, 1868.0, 1864.0, 2157.0, 2039.0, 1915.0, 1805.0, 1931.0, 2268.5, 1996.0, 1876.0, 2121.5, 2216.0, 2492.0, 2645.0, 2546.5, 2322.0]","[249, 220, 277, 230, 232, 222, 231, 250, 281, 237, 213, 233, 252, 222, 231, 241, 222, 213, 250, 207, 271, 289, 264, 272, 262]",8.971946901647826,2.917888460233525,0.24599031769636753,99.35980244435787,0.0,12836.518,115.265,984.054,1503.576,22.252,142153,142153,284404,1581,142153,194,21.27358490566038,91.98050314465408,54.12533187866211,1042.8665771484375,3.090500659689279,123.47256483238456,123.60725015812777
2801.0,1697.0,2103.66,237.8,24,3,147836,1511,147836,False,606,27,b1f8b_00000,c45d7e9db04742289f3c512188e9cfe2,2026-03-21_22-44-46,1774107886,89.47177338600159,2209.1362085342407,56051,ASUS-PAVT,172.27.211.168,2209.1362085342407,39922,27,11.851318120956421,-28.249052556227024,-33.6243654822335,-19.205992509363295,-0.0022069572309552365,-0.002626903553299492,-0.0015004681647940075,2.2148679826643627,1.7825630252100841,2.6226591760299627,1.0,1.0,1.0,0.4440156513008669,0.35693277310924365,0.5252808988764045,0.41272743093324543,0.3323542692939245,0.5331400677425782,0.5218937499999999,0.400625,0.59578125,64.0,64.0,64.0,3.0210664744256888,2.98326359832636,3.0366379310344827,0.7627802840479866,0.6271375464684015,0.977991452991453,2.258286190377702,2.056196581196581,2.399814126394052,0.7465901971925853,0.6762998575498576,0.7917166755177908,-6680.24,-7626.0,-5128.0,-0.5218937499999999,-0.5957812499999999,-0.400625,"[2322.0, 1915.0, 2293.5, 1935.5, 1975.0, 1982.0, 2801.0, 1868.5, 1958.5, 1697.0, 2114.5, 2047.0, 2381.0, 2234.0, 2024.5, 2168.5, 1952.0, 2135.5, 2144.0, 2215.5, 2059.5, 2149.5, 1824.5, 2044.0, 2349.5]","[262, 197, 239, 240, 227, 244, 267, 227, 218, 238, 214, 243, 242, 272, 235, 223, 232, 269, 250, 238, 226, 243, 235, 230, 234]",8.966966554653464,2.908926340056199,0.2458680241262768,99.34034232394795,0.0,10495.502,144.014,755.7,2000.132,19.991,147836,147836,296434,1511,147836,202,25.30327868852459,91.79180327868853,34.27195358276367,530.2899780273438,2.888219140366479,119.90858702845797,120.03215999338187
2562.0,1730.5,2110.8,243.16,21,3,152973,1576,152973,False,627,28,b1f8b_00000,c45d7e9db04742289f3c512188e9cfe2,2026-03-21_22-46-10,1774107970,84.61976838111877,2293.7559769153595,56051,ASUS-PAVT,172.27.211.168,2293.7559769153595,41498,28,11.851318120956421,-28.679938459669724,-36.65486725663717,-22.3690036900369,-0.002240620192161697,-0.002863661504424779,-0.0017475784132841325,2.173260393176578,1.879980079681275,2.510149572649573,1.0,1.0,1.0,0.4353442368094839,0.3769256308100929,0.502590811965812,0.4065130479542213,0.34298251158870624,0.5151312576312577,0.539025,0.43609375,0.6471875,64.0,64.0,64.0,3.020417794483669,3.00597609561753,3.034188034188034,0.7568314718868661,0.6197211155378487,0.977991452991453,2.2635863225968036,2.056196581196581,2.3862549800796815,0.7487110599962143,0.6762998575498576,0.7948572377158034,-6899.52,-8284.0,-5582.0,-0.539025,-0.6471875,-0.43609375,"[2149.5, 1824.5, 2044.0, 2349.5, 1730.5, 1893.0, 1955.0, 1942.5, 1955.5, 2367.0, 2164.5, 2000.0, 1788.0, 1979.0, 2562.0, 2273.5, 2204.5, 2407.0, 1967.0, 2395.5, 1887.5, 2420.0, 1920.5, 2106.5, 2483.5]","[243, 235, 230, 234, 226, 219, 230, 238, 211, 241, 258, 222, 200, 235, 298, 253, 241, 274, 205, 271, 251, 271, 252, 251, 290]",8.94901041988359,2.905736837881089,0.24574111509193325,99.48120468811618,0.0,11044.827,134.932,855.281,1742.469,19.764,152973,152973,306832,1576,152973,209,26.92881355932203,91.70593220338982,32.41249084472656,714.7996215820312,2.8760527789895303,109.04919495558376,109.48657598350253
2786.5,1415.5,2160.38,248.84,21,3,158130,1369,158130,False,648,29,b1f8b_00000,c45d7e9db04742289f3c512188e9cfe2,2026-03-21_22-47-29,1774108049,78.73864579200745,2372.494622707367,56051,ASUS-PAVT,172.27.211.168,2372.494622707367,42867,29,11.851318120956421,-27.974053812193553,-38.56481481481482,-21.690721649484537,-0.0021854729540776215,-0.0030128761574074073,-0.001694587628865979,2.1672173653721747,1.6383101851851851,2.4438073394495414,1.0,1.0,1.0,0.43406196477044984,0.328125,0.48910550458715596,0.40077911075974015,0.28720348324514994,0.5098591087811272,0.5376625,0.45984375,0.65078125,64.0,64.0,64.0,3.0188342299661026,3.003846153846154,3.032608695652174,0.731882548801319,0.48055555555555546,0.8909090909090909,2.286951681164784,2.120909090909091,2.537962962962963,0.7570993479524915,0.7036818181818182,0.8403973765432098,-6882.08,-8330.0,-5886.0,-0.5376625,-0.65078125,-0.45984374999999994,"[2420.0, 1920.5, 2106.5, 2483.5, 2575.0, 2131.0, 2177.0, 2539.0, 2347.5, 2019.0, 1959.5, 1709.5, 2243.5, 2786.5, 1709.5, 1979.5, 2371.5, 2101.0, 1942.0, 2028.0, 1415.5, 2330.5, 2234.0, 2105.0, 2375.0]","[271, 252, 251, 290, 275, 218, 226, 293, 282, 228, 226, 214, 260, 291, 211, 227, 276, 236, 245, 238, 216, 244, 239, 237, 275]",8.95353699649674,2.9002957873543522,0.24567175944427103,99.49354302907587,0.0,11197.64,130.224,828.864,1759.276,20.036,158130,158130,316908,1369,158130,216,27.521495327102805,91.88317757009344,32.79755401611328,2292.884765625,2.6609147087860663,138.59801862673484,138.33910472972974
2663.0,1771.5,2122.44,242.6,24,3,163920,1470,163920,False,672,30,b1f8b_00000,c45d7e9db04742289f3c512188e9cfe2,2026-03-21_22-48-53,1774108133,84.00948095321655,2456.5041036605835,56051,ASUS-PAVT,172.27.211.168,2456.5041036605835,44337,30,11.851318120956421,-28.951826722347278,-34.09865470852018,-23.552346570397113,-0.002261861462683381,-0.002663957399103139,-0.0018400270758122741,2.1877440734811917,1.9182098765432098,2.7570043103448274,1.0,1.0,1.0,0.438384901246527,0.38364197530864197,0.5530172413793103,0.40395915701457036,0.33371531346351485,0.48369708994708993,0.5447187499999999,0.43609375,0.60828125,64.0,64.0,64.0,3.0203611858084374,3.010869565217391,3.0368852459016393,0.7788535972461099,0.5969767441860465,0.9574162679425838,2.2415075885623272,2.066507177033493,2.4344186046511633,0.7414672075062569,0.683145933014354,0.8025636766334441,-6972.4,-7786.0,-5582.0,-0.54471875,-0.60828125,-0.43609374999999995,"[2375.0, 2006.0, 2343.5, 2663.0, 2295.0, 2558.5, 2576.0, 2245.5, 2098.5, 2444.0, 1771.5, 1932.5, 2018.5, 2021.5, 2114.0, 2113.5, 2038.0, 1801.0, 1864.5, 1930.5, 1912.5, 1872.0, 1904.5, 2012.0, 2149.5]","[275, 239, 273, 277, 258, 232, 270, 278, 241, 271, 215, 229, 245, 225, 253, 218, 230, 233, 243, 223, 244, 209, 216, 237, 231]",8.927411546954552,2.891706703042609,0.24573213147516892,99.30826992747134,0.0,10379.738,139.079,723.265,1995.948,20.038,163920,163920,328530,1470,163920,224,28.09051724137931,91.60086206896551,44.14724349975586,1300.9244384765625,3.0205563084608844,129.6482780612245,129.66919642857144
2866.5,1773.5,2117.46,243.2,21,3,169107,1578,169107,False,693,31,b1f8b_00000,c45d7e9db04742289f3c512188e9cfe2,2026-03-21_22-50-02,1774108202,69.1848795413971,2525.6889832019806,56051,ASUS-PAVT,172.27.211.168,2525.6889832019806,45915,31,11.851318120956421,-28.30366635348311,-33.99141630901288,-20.90909090909091,-0.002211223933865868,-0.002655579399141631,-0.0016335227272727272,2.176592790343927,1.7566964285714286,2.5056818181818183,1.0,1.0,1.0,0.4360744883318292,0.35276785714285713,0.501486013986014,0.40486964943966874,0.3074260204081633,0.48369708994708993,0.5337562499999999,0.4671875,0.61875,64.0,64.0,64.0,3.0206329057582444,3.0115546218487395,3.032608695652174,0.7823732459421869,0.6067857142857143,1.0474248927038627,2.238259659816058,1.9718884120171674,2.4075,0.7402158296882336,0.6516630901287552,0.7988095238095236,-6832.08,-7920.0,-5980.0,-0.5337562499999999,-0.61875,-0.4671875,"[1872.0, 1904.5, 2012.0, 2149.5, 2159.0, 1922.5, 2333.5, 1838.0, 2156.0, 1994.0, 2537.0, 2187.0, 1983.5, 1967.5, 1846.5, 2236.5, 1947.5, 2131.5, 2281.5, 1939.5, 2866.5, 2572.0, 2308.0, 2017.5, 1773.5]","[209, 216, 237, 231, 230, 225, 264, 235, 234, 244, 264, 271, 245, 280, 224, 246, 230, 262, 268, 233, 286, 258, 236, 238, 214]",8.94695276879025,2.8906313102081986,0.24566470867102053,99.48940454626914,0.0,9948.508,148.565,768.505,1923.215,19.65,169107,169107,338993,1578,169107,231,28.924210526315793,91.26736842105262,35.84365463256836,634.9769897460938,2.8071180761842522,118.72619613434728,118.95009505703422
2786.5,1713.5,2178.36,246.12,21,3,174314,1473,174314,False,714,32,b1f8b_00000,c45d7e9db04742289f3c512188e9cfe2,2026-03-21_22-51-26,1774108286,83.01387548446655,2608.702858686447,56051,ASUS-PAVT,172.27.211.168,2608.702858686447,47388,32,11.851318120956421,-27.695443463258442,-33.81308411214953,-21.11340206185567,-0.002163706520567066,-0.0026416471962616823,-0.001649484536082474,2.2140189870453155,1.83257299270073,2.51215953307393,1.0,1.0,1.0,0.44359416274607244,0.36833941605839415,0.502431906614786,0.4095220525834076,0.3399393445591164,0.4959394107837688,0.52886875,0.424375,0.60140625,64.0,64.0,64.0,3.023338503829965,3.0072314049586777,3.051258992805755,0.799433150966384,0.5546808510638298,1.0023255813953489,2.223905352863581,2.0228682170542633,2.4623404255319152,0.734703180892877,0.6671188630490956,0.8154609929078014,-6769.52,-7698.0,-5432.0,-0.52886875,-0.6014062499999999,-0.42437499999999995,"[2572.0, 2308.0, 2017.5, 1773.5, 2021.5, 2261.0, 2257.5, 2016.5, 2265.5, 1713.5, 1946.0, 2786.5, 2054.5, 2582.5, 2008.5, 2116.5, 2089.5, 2268.5, 2282.0, 2468.5, 2265.0, 2167.5, 2044.0, 2059.0, 2114.0]","[258, 236, 238, 214, 215, 239, 254, 264, 266, 221, 226, 291, 236, 257, 274, 235, 233, 239, 260, 278, 263, 230, 242, 221, 263]",8.935871647192076,2.8850239933039625,0.24558905180800683,99.50361668587907,0.0,10832.548,139.755,778.949,1943.516,19.164,174314,174314,349522,1473,174314,238,24.95526315789473,91.97719298245613,43.47395324707031,566.1329345703125,2.8362139606670063,117.47967583163611,117.60930074677529
2846.5,1632.0,2175.06,243.48,21,3,179445,1440,179445,False,735,33,b1f8b_00000,c45d7e9db04742289f3c512188e9cfe2,2026-03-21_22-52-43,1774108363,77.21416330337524,2685.9170219898224,56051,ASUS-PAVT,172.27.211.168,2685.9170219898224,48828,33,11.851318120956421,-27.76325088362887,-34.5,-21.09881422924901,-0.002169003975283505,-0.0026953125,-0.001648344861660079,2.2317459928280696,1.831,2.717050209205021,1.0,1.0,1.0,0.44715805789866603,0.36660000000000004,0.5442468619246862,0.41188848992514815,0.3082270916334662,0.5518118948824343,0.5248,0.41703125,0.6240625,64.0,64.0,64.0,3.0243308611369537,3.0045871559633026,3.04149377593361,0.8163674428604715,0.6729166666666667,1.016205533596838,2.2079634182764822,2.0134387351778655,2.3375,0.7292595549497892,0.6647068511198946,0.7761381172839507,-6717.44,-7988.0,-5338.0,-0.5248,-0.6240625,-0.41703124999999996,"[2167.5, 2044.0, 2059.0, 2114.0, 2417.5, 1862.0, 2236.0, 2040.0, 1902.5, 2270.0, 2597.5, 2291.5, 1632.0, 1792.0, 2429.5, 2846.5, 1737.0, 2422.0, 2365.0, 2219.5, 1873.0, 2690.0, 1982.0, 2555.5, 1831.0]","[230, 242, 221, 263, 273, 251, 232, 240, 220, 250, 239, 230, 216, 218, 269, 288, 214, 236, 269, 257, 249, 253, 236, 241, 250]",8.987558825142479,2.9047370078137527,0.2455521132516158,99.45774756058123,0.0,10467.607,138.733,771.055,1883.393,21.129,179445,179445,359688,1440,179445,245,25.342056074766354,92.66635514018691,46.52756118774414,1948.5963134765625,2.912680392795139,137.55397135416666,137.37082248263889
2892.0,1639.5,2173.22,246.04,21,3,184616,1542,184616,False,756,34,b1f8b_00000,c45d7e9db04742289f3c512188e9cfe2,2026-03-21_22-54-11,1774108451,87.94285249710083,2773.859874486923,56051,ASUS-PAVT,172.27.211.168,2773.859874486923,50370,34,11.851318120956421,-27.218014335826005,-35.5945945945946,-18.08695652173913,-0.002126407369986407,-0.0027808277027027025,-0.0014130434782608694,2.2073001815947637,1.716296928327645,2.658102766798419,1.0,1.0,1.0,0.44224231153693344,0.34377133105802044,0.5322614107883816,0.4072376841726749,0.291955956444011,0.5518118948824343,0.51643125,0.41703125,0.63,64.0,64.0,64.0,3.0200019037519157,3.0010729613733904,3.04149377593361,0.7547315891809211,0.5478668941979521,1.0413978494623655,2.2652703145709943,1.9729390681003587,2.466638225255972,0.7495247562561882,0.6540830346475507,0.8177218430034129,-6610.32,-8064.0,-5338.0,-0.51643125,-0.63,-0.41703124999999996,"[2690.0, 1982.0, 2555.5, 1831.0, 2286.0, 1639.5, 2409.0, 2879.0, 1732.5, 2231.5, 2011.0, 2210.0, 1960.5, 1885.5, 2287.0, 2283.0, 1826.0, 1942.5, 1749.5, 2473.0, 1902.0, 2022.0, 2892.0, 2639.0, 2011.5]","[253, 236, 241, 250, 240, 222, 287, 279, 221, 242, 232, 217, 214, 233, 233, 243, 226, 232, 219, 275, 230, 224, 322, 287, 293]",8.961211638504865,2.913692634084337,0.24561312075464833,99.50708980068447,0.0,11612.663,125.182,773.015,1880.558,20.992,184616,184616,369930,1542,184616,252,26.671666666666667,91.92,31.823402404785156,672.230712890625,2.497869231821498,127.47251945525292,127.51343628404669
2892.0,1731.0,2180.14,252.04,21,3,189791,1580,189791,False,777,35,b1f8b_00000,c45d7e9db04742289f3c512188e9cfe2,2026-03-21_22-55-29,1774108529,77.58242988586426,2851.4423043727875,56051,ASUS-PAVT,172.27.211.168,2851.4423043727875,51950,35,11.851318120956421,-27.49010997885724,-34.80888888888889,-18.08695652173913,-0.002147664842098222,-0.002719444444444444,-0.0014130434782608694,2.1638694651639296,1.716296928327645,2.8725099601593627,1.0,1.0,1.0,0.43343775565548903,0.34377133105802044,0.575199203187251,0.39417495025799837,0.291955956444011,0.5033124644280023,0.53495625,0.44765625,0.63,64.0,64.0,64.0,3.018482237281382,3.0055309734513274,3.0278884462151394,0.7608174580553374,0.5478668941979521,1.0573705179282868,2.257664779226044,1.9705179282868526,2.466638225255972,0.7474412120997094,0.6506474103585658,0.8177218430034129,-6847.44,-8064.0,-5730.0,-0.53495625,-0.63,-0.44765625,"[2022.0, 2892.0, 2639.0, 2011.5, 1838.0, 1931.0, 1900.5, 2232.0, 2200.5, 2379.0, 2233.5, 2555.0, 2173.5, 1731.0, 2005.5, 2090.5, 2203.0, 2235.0, 2576.0, 1756.0, 2118.0, 1919.5, 1838.5, 2139.0, 2884.0]","[224, 322, 287, 293, 228, 238, 236, 275, 264, 254, 255, 274, 243, 225, 226, 221, 261, 231, 281, 236, 252, 212, 235, 277, 251]",8.943951211576012,2.9086202664899745,0.24562368642362645,99.4935230054309,0.0,11690.086,125.739,733.726,2003.337,20.133,189791,189791,380255,1580,189791,259,27.791588785046727,91.53831775700935,35.34748840332031,729.199462890625,2.6482517677017405,117.85581487341773,118.04680577531646
2884.0,1609.5,2190.3,247.8,21,3,195011,1351,195011,False,798,36,b1f8b_00000,c45d7e9db04742289f3c512188e9cfe2,2026-03-21_22-56-43,1774108603,73.83303451538086,2925.2753388881683,56051,ASUS-PAVT,172.27.211.168,2925.2753388881683,53301,36,11.851318120956421,-27.159854972197145,-34.88135593220339,-19.37184115523466,-0.002121863669702902,-0.00272510593220339,-0.0015134250902527075,2.2104682473954376,1.704978813559322,2.8725099601593627,1.0,1.0,1.0,0.44280752191990985,0.34131355932203394,0.575199203187251,0.4133362083534381,0.2923728813559322,0.5178104575163399,0.5228124999999999,0.41921875,0.643125,64.0,64.0,64.0,3.0209040250985395,3.006862745098039,3.038793103448276,0.7613709593707497,0.5950471698113208,1.0573705179282868,2.2595330657277906,1.9705179282868526,2.4261792452830186,0.7472837428962618,0.6506474103585658,0.8026139937106919,-6692.0,-8232.0,-5366.0,-0.5228124999999999,-0.643125,-0.41921875,"[1919.5, 1838.5, 2139.0, 2884.0, 2070.5, 1915.0, 2093.0, 2284.0, 1740.0, 1873.5, 2400.5, 2031.0, 2017.5, 2632.0, 2423.5, 2425.5, 1975.5, 2874.0, 1609.5, 2595.5, 2194.5, 2063.5, 2144.5, 2157.0, 2456.5]","[212, 235, 277, 251, 224, 259, 249, 232, 239, 242, 256, 232, 250, 255, 239, 246, 276, 289, 236, 277, 254, 238, 253, 228, 246]",8.93396257001381,2.926238103501026,0.2456618448609984,99.48393362448114,0.0,10591.937,140.333,735.292,2021.511,21.313,195011,195011,390498,1351,195011,266,28.531372549019615,91.57549019607848,30.36286735534668,657.178466796875,2.6780305604066434,135.92076471132495,135.9096271280533
2633.5,1887.0,2208.54,246.76,21,3,200215,1491,200215,False,819,37,b1f8b_00000,c45d7e9db04742289f3c512188e9cfe2,2026-03-21_22-57-52,1774108672,69.55921006202698,2994.8345489501953,56051,ASUS-PAVT,172.27.211.168,2994.8345489501953,54792,37,11.851318120956421,-27.3342257338964,-33.015228426395936,-21.365671641791046,-0.002135486385460656,-0.0025793147208121826,-0.0016691930970149254,2.2409393912391686,1.9691235059760956,2.4964430894308944,1.0,1.0,1.0,0.44913713091138535,0.3942231075697211,0.5009146341463414,0.41950232219772793,0.35467908902691514,0.4929242710299979,0.5229375,0.44734375,0.5771875,64.0,64.0,64.0,3.019130408259216,3.001930501930502,3.0416666666666665,0.7656444195011958,0.6014705882352941,0.9372807017543859,2.2534859887580208,2.1043859649122805,2.4195378151260507,0.7456468802215969,0.6899201127819549,0.7996988795518206,-6693.6,-7388.0,-5726.0,-0.5229375,-0.5771875,-0.44734375,"[2063.5, 2144.5, 2157.0, 2456.5, 2216.0, 2549.5, 2238.5, 2424.5, 2274.0, 1887.0, 2188.5, 2225.0, 2326.0, 1992.5, 2222.0, 1998.0, 2461.5, 2633.5, 1977.0, 2099.0, 2019.0, 1963.0, 1994.0, 2096.0, 2607.5]","[238, 253, 228, 246, 250, 279, 259, 263, 228, 197, 229, 227, 268, 238, 251, 225, 275, 274, 251, 226, 230, 231, 251, 256, 296]",8.96461916834157,2.92193448996858,0.24565654909954382,99.5159398690252,0.0,9957.55,148.149,789.641,1868.19,20.352,200215,200215,400940,1491,200215,273,26.86315789473684,91.67578947368418,37.855220794677734,614.5538940429688,2.759435191880449,120.04234783702213,120.34590878604963
2982.5,1771.0,2139.72,240.72,24,3,205937,1512,205937,False,843,38,b1f8b_00000,c45d7e9db04742289f3c512188e9cfe2,2026-03-21_22-59-13,1774108753,81.067946434021,3075.9024953842163,56051,ASUS-PAVT,172.27.211.168,3075.9024953842163,56304,38,11.851318120956421,-27.885869975982825,-33.05607476635514,-19.46153846153846,-0.002178583591873658,-0.002582505841121495,-0.0015204326923076922,2.2207392906090355,1.9791666666666667,2.6070804195804196,1.0,1.0,1.0,0.4448865720580524,0.3960365853658537,0.5224650349650349,0.41963374935528175,0.33836412151067324,0.5576666666666668,0.52105,0.43484375,0.5934375,64.0,64.0,64.0,3.022202523025959,3.0086580086580086,3.0386178861788617,0.7608128870165578,0.5888831967213115,0.9209051724137931,2.2613896360094006,2.1092672413793103,2.4275102459016393,0.7473143978921702,0.694719827586207,0.8047020150273223,-6669.44,-7596.0,-5566.0,-0.52105,-0.5934375,-0.43484375,"[2607.5, 2027.5, 2192.5, 2053.5, 1838.5, 1846.0, 1930.0, 2275.5, 2353.0, 2083.5, 2982.5, 2089.0, 2053.0, 2251.0, 2121.0, 1947.5, 2098.0, 1888.0, 1929.0, 2379.5, 2106.0, 1771.0, 2295.0, 2304.5, 2070.5]","[296, 244, 234, 215, 232, 214, 231, 225, 250, 231, 286, 223, 223, 242, 242, 246, 262, 227, 230, 242, 238, 222, 255, 253, 255]",8.952028597500947,2.9119656727391092,0.24579832658428827,99.44722740310075,0.0,9329.819,159.306,862.873,1722.502,19.921,205937,205937,412783,1512,205937,281,29.40181818181818,91.31636363636365,27.16054344177246,825.7236938476562,2.4718080550905257,114.4985119047619,114.7602306547619
3007.0,1682.0,2186.82,250.96,21,3,211226,1439,211226,False,864,39,b1f8b_00000,c45d7e9db04742289f3c512188e9cfe2,2026-03-21_23-00-33,1774108833,79.65370726585388,3155.55620265007,56051,ASUS-PAVT,172.27.211.168,3155.55620265007,57743,39,11.851318120956421,-27.52092946428429,-34.213197969543145,-17.73076923076923,-0.00215007261439721,-0.0026729060913705588,-0.001385216346153846,2.1743245308188905,1.8606194690265487,2.5451642335766422,1.0,1.0,1.0,0.43575595483103546,0.37345132743362836,0.5101277372262772,0.3968930229984535,0.3027041499330656,0.5024148315452662,0.5340937499999999,0.4321875,0.624375,64.0,64.0,64.0,3.0216961422288033,3.0018867924528303,3.0403543307086616,0.7578370946983775,0.6168439716312056,0.9279116465863453,2.263859047530426,2.100200803212851,2.3946808510638298,0.7483884573510536,0.692078313253012,0.7945774231678486,-6836.4,-7992.0,-5532.0,-0.53409375,-0.624375,-0.43218749999999995,"[1771.0, 2295.0, 2304.5, 2070.5, 1682.0, 2118.5, 1961.0, 2593.5, 1794.0, 2351.0, 2154.0, 2439.0, 1905.0, 2044.5, 2789.5, 2179.5, 2394.0, 3007.0, 2126.0, 2134.0, 2187.0, 1872.0, 2411.5, 2112.0, 1974.5]","[222, 255, 253, 255, 226, 265, 234, 269, 197, 264, 249, 242, 223, 249, 274, 282, 270, 312, 252, 257, 230, 238, 263, 254, 239]",8.962007867804337,2.9120019594826827,0.24566776568213095,99.58948994600783,0.0,10364.448,144.745,769.291,1950.107,20.531,211226,211226,423221,1439,211226,288,27.74545454545455,91.21545454545452,38.771461486816406,776.1363525390625,2.819687812174253,132.01739489228632,132.11933200138986
2763.5,1750.0,2181.22,246.76,21,3,216401,1541,216401,False,885,40,b1f8b_00000,c45d7e9db04742289f3c512188e9cfe2,2026-03-21_23-01-48,1774108908,74.4527382850647,3230.008940935135,56051,ASUS-PAVT,172.27.211.168,3230.008940935135,59284,40,11.851318120956421,-28.085790398094005,-34.49781659388646,-19.89763779527559,-0.0021942023748510943,-0.00269514192139738,-0.0015545029527559056,2.2089541524750524,1.9104803493449782,2.71998031496063,1.0,1.0,1.0,0.44246769664109487,0.38209606986899564,0.543996062992126,0.3965121541196855,0.31286312014345485,0.49211848518935136,0.53844375,0.39484375,0.624375,64.0,64.0,64.0,3.022060066814705,3.0046641791044775,3.0403543307086616,0.7556447557986786,0.5078512396694215,0.9850230414746544,2.266415311016026,2.043778801843318,2.5117768595041325,0.7492436254272699,0.673394777265745,0.8318801652892562,-6892.08,-7992.0,-5054.0,-0.53844375,-0.624375,-0.39484375,"[1872.0, 2411.5, 2112.0, 1974.5, 2114.0, 2249.5, 1974.5, 2666.0, 1968.0, 2636.5, 1750.0, 2170.5, 2070.5, 2056.5, 2506.0, 2327.5, 2763.5, 2117.5, 2230.0, 2105.0, 2321.5, 2192.5, 1982.5, 2075.0, 1883.5]","[238, 263, 254, 239, 257, 268, 236, 278, 232, 270, 229, 228, 233, 244, 277, 263, 254, 237, 275, 229, 240, 217, 229, 237, 242]",8.947715425188445,2.9285735731187272,0.2456630830755899,99.54315703463016,0.0,10827.264,135.898,871.918,1687.545,19.834,216401,216401,433501,1541,216401,295,29.739805825242716,91.18058252427188,32.39815902709961,1065.7493896484375,2.529532618835172,108.8383152173913,109.23287435107073
2751.0,1562.0,2164.84,249.76,21,3,221720,1406,221720,False,906,41,b1f8b_00000,c45d7e9db04742289f3c512188e9cfe2,2026-03-21_23-03-13,1774108993,85.24304389953613,3315.251984834671,56051,ASUS-PAVT,172.27.211.168,3315.251984834671,60690,41,11.851318120956421,-27.41761093779249,-31.936363636363637,-20.214814814814815,-0.0021420008545150375,-0.002495028409090909,-0.0015792824074074073,2.1674847292147286,1.4409594095940959,2.5882936507936507,1.0,1.0,1.0,0.43434031759360153,0.2892988929889299,0.518452380952381,0.4086711385089296,0.32927956422421367,0.5331122448979592,0.53116875,0.42640625,0.6346875,64.0,64.0,64.0,3.0169638524127502,3.003690036900369,3.037109375,0.7513838173433368,0.5078512396694215,0.9850230414746544,2.2655800350694135,2.043778801843318,2.5117768595041325,0.7503060045804958,0.673394777265745,0.8318801652892562,-6798.96,-8124.0,-5458.0,-0.53116875,-0.6346875000000001,-0.42640625,"[2192.5, 1982.5, 2075.0, 1883.5, 1807.0, 1562.0, 1837.5, 2691.5, 2609.0, 2481.5, 2721.5, 1842.0, 2282.0, 2144.0, 2022.0, 1870.5, 1830.5, 2014.5, 2117.5, 2215.0, 2414.5, 2061.5, 2228.0, 2751.0, 2484.5]","[217, 229, 237, 242, 250, 271, 225, 265, 252, 271, 278, 220, 256, 237, 249, 233, 250, 249, 222, 275, 276, 229, 263, 270, 278]",8.94277532966371,2.9245244216498083,0.24568387734133273,99.54503897650851,0.0,11222.645,130.263,787.828,1855.608,22.209,221720,221720,443801,1406,221720,302,24.613913043478263,91.64260869565216,22.182870864868164,743.48974609375,2.338046902782717,121.1916340682788,121.36372021692745
2751.0,1721.5,2207.38,248.28,21,3,226887,1453,226887,False,927,42,b1f8b_00000,c45d7e9db04742289f3c512188e9cfe2,2026-03-21_23-04-28,1774109068,74.65165567398071,3389.9036405086517,56051,ASUS-PAVT,172.27.211.168,3389.9036405086517,62143,42,11.851318120956421,-26.80779648704325,-34.583333333333336,-20.214814814814815,-0.002094359100550254,-0.002701822916666666,-0.0015792824074074073,2.2233609924116386,1.8517335766423357,2.6168367346938775,1.0,1.0,1.0,0.4455606466756443,0.3711678832116788,0.5254081632653061,0.41580165312059103,0.32889468196037536,0.5454586977648203,0.516725,0.41265625,0.6021875,64.0,64.0,64.0,3.0211098307044777,3.003061224489796,3.0352697095435683,0.7735249025796356,0.5631818181818182,1.05793991416309,2.2475849281248426,1.953862660944206,2.465227272727273,0.7431919380630593,0.6482904148783978,0.8122291666666667,-6614.08,-7708.0,-5282.0,-0.516725,-0.6021875,-0.41265625,"[2061.5, 2228.0, 2751.0, 2484.5, 2330.5, 2029.5, 2495.0, 2622.5, 1977.5, 2009.0, 2362.5, 2130.0, 2131.0, 1837.5, 2313.5, 2099.5, 2158.5, 2564.5, 2211.5, 2283.0, 2168.5, 1737.5, 2182.0, 2294.5, 1721.5]","[229, 263, 270, 278, 245, 274, 268, 264, 243, 248, 263, 226, 248, 224, 233, 250, 240, 245, 222, 241, 250, 216, 272, 275, 220]",8.962500001181605,2.919978525126542,0.24567719581517886,99.51933789937833,0.0,10489.964,141.268,783.308,1891.849,20.375,226887,226887,454147,1453,226887,309,25.733009708737868,91.70291262135919,28.528562545776367,639.4721069335938,2.570476828651927,116.71027615278733,116.8178552993806
2661.5,1488.5,2032.78,236.32,24,3,232575,1498,232575,False,951,43,b1f8b_00000,c45d7e9db04742289f3c512188e9cfe2,2026-03-21_23-06-10,1774109170,101.86589050292969,3491.7695310115814,56051,ASUS-PAVT,172.27.211.168,3491.7695310115814,63641,43,11.851318120956421,-29.31464285346077,-37.12264150943396,-20.014084507042252,-0.002290206472926623,-0.002900206367924528,-0.001563600352112676,2.1426424872288554,1.7036830357142858,2.7269467213114753,1.0,1.0,1.0,0.4292076798052456,0.34073660714285714,0.5466188524590164,0.4004260131388947,0.3420708748615725,0.5169944341372914,0.53659375,0.41796875,0.61859375,64.0,64.0,64.0,3.0215475354055803,3.0112107623318387,3.0344827586206895,0.764218672237423,0.5631818181818182,0.9547717842323652,2.2573288631681567,2.0721991701244815,2.465227272727273,0.7461589570911106,0.6829011065006915,0.8122291666666667,-6868.4,-7918.0,-5350.0,-0.53659375,-0.61859375,-0.41796875,"[1721.5, 1923.0, 1619.5, 2004.5, 1961.0, 2184.5, 1526.5, 2632.0, 2078.0, 2318.0, 2042.0, 2063.0, 1488.5, 1839.0, 2154.0, 2049.5, 2661.5, 2254.0, 1792.5, 2629.5, 1905.0, 1787.5, 1901.0, 2315.0, 1969.0]","[220, 232, 212, 230, 223, 252, 224, 275, 241, 265, 225, 226, 215, 221, 252, 250, 244, 250, 231, 284, 232, 218, 226, 231, 229]",8.97561823613497,2.911499469133405,0.24568362517781175,99.33725739924698,0.0,11148.348,133.742,733.602,2032.437,19.532,232575,232575,466122,1498,232575,317,22.60142857142857,91.19142857142856,33.283653259277344,610.8419799804688,2.464326132760347,126.98160046728972,127.00568466288385
2836.5,1576.0,2144.24,246.24,21,3,237827,1475,237827,False,972,44,b1f8b_00000,c45d7e9db04742289f3c512188e9cfe2,2026-03-21_23-07-43,1774109263,93.08015727996826,3584.8496882915497,56051,ASUS-PAVT,172.27.211.168,3584.8496882915497,65116,44,11.851318120956421,-28.424316118650143,-34.163090128755364,-23.16017316017316,-0.0022206496967695426,-0.0026689914163090128,-0.0018093885281385282,2.1721407839322024,1.6909871244635193,2.5054112554112553,1.0,1.0,1.0,0.4350918417057821,0.338519313304721,0.5019480519480519,0.401491302978075,0.2979675045984059,0.5241760521636041,0.543,0.41796875,0.6234375,64.0,64.0,64.0,3.019983599107594,3.0036585365853656,3.0303030303030303,0.78202525844654,0.5713169642857143,1.0628458498023716,2.237958340661054,1.9549407114624504,2.4510044642857145,0.7401470912232665,0.647167325428195,0.8098214285714286,-6950.4,-7980.0,-5350.0,-0.543,-0.6234375,-0.41796875,"[1787.5, 1901.0, 2315.0, 1969.0, 2140.0, 1758.0, 2051.5, 2377.5, 2836.5, 2617.5, 2400.5, 1914.0, 2055.0, 2126.5, 1576.0, 2103.0, 1703.5, 2182.5, 2209.0, 2161.5, 2331.5, 2731.5, 1949.0, 2179.0, 2230.0]","[218, 226, 231, 229, 274, 205, 234, 256, 297, 279, 267, 232, 242, 262, 233, 241, 224, 248, 234, 231, 253, 284, 232, 266, 258]",8.963513665615693,2.9087252734640026,0.2455680909589486,99.5161326596288,0.0,11754.498,126.062,768.402,1928.419,19.571,237827,237827,476497,1475,237827,324,25.000000000000004,91.10944881889763,36.410274505615234,479.1260986328125,2.773696868379237,124.81012711864406,125.05481991525424
2824.5,1880.5,2304.64,251.24,21,3,243068,1506,243068,False,993,45,b1f8b_00000,c45d7e9db04742289f3c512188e9cfe2,2026-03-21_23-08-51,1774109331,68.13804960250854,3652.9877378940582,56051,ASUS-PAVT,172.27.211.168,3652.9877378940582,66622,45,11.851318120956421,-26.488895089633107,-33.00917431192661,-20.39344262295082,-0.002069444928877586,-0.002578841743119266,-0.0015932377049180328,2.292094147468554,2.044021739130435,2.7369186046511627,1.0,1.0,1.0,0.45928036798566135,0.40894927536231884,0.5477228682170543,0.41710730232895493,0.3497246376811594,0.559557962529274,0.51676875,0.38875,0.6234375,64.0,64.0,64.0,3.0182974594709013,3.002851711026616,3.035860655737705,0.8126175850579768,0.6480603448275862,1.1145491803278689,2.2056798744129247,1.9213114754098362,2.360560344827586,0.7301389110849559,0.6319813622170178,0.7842133620689655,-6614.64,-7980.0,-4976.0,-0.51676875,-0.6234375,-0.38875,"[2731.5, 1949.0, 2179.0, 2230.0, 1882.0, 2175.0, 2479.0, 2659.0, 2419.5, 1961.5, 2428.5, 2707.5, 2361.5, 2296.5, 1880.5, 2361.0, 2149.5, 2332.5, 2333.5, 1925.0, 2277.0, 2824.5, 2526.5, 2257.0, 2289.5]","[284, 232, 266, 258, 218, 249, 249, 244, 266, 213, 236, 297, 263, 246, 230, 254, 258, 258, 256, 222, 253, 258, 268, 241, 262]",8.971437677850037,2.904955059786178,0.24556905291978953,99.5053856774968,0.0,10354.838,145.15,850.509,1767.178,20.774,243068,243068,487055,1506,243068,331,30.369148936170212,91.37553191489361,32.93528366088867,816.7527465820312,2.6025653246389444,131.21501494023903,131.20599892098272
2544.5,1708.5,2079.98,239.04,24,3,248782,1476,248782,False,1017,46,b1f8b_00000,c45d7e9db04742289f3c512188e9cfe2,2026-03-21_23-10-11,1774109411,79.55210947990417,3732.5398473739624,56051,ASUS-PAVT,172.27.211.168,3732.5398473739624,68098,46,11.851318120956421,-29.22866389133138,-34.375586854460096,-25.0042194092827,-0.0022834893665102645,-0.002685592723004695,-0.001953454641350211,2.176003404321676,1.886734693877551,2.661610878661088,1.0,1.0,1.0,0.4359374331077418,0.3777551020408163,0.5331589958158995,0.4016074222084467,0.31072023809523813,0.5262075547518585,0.5435500000000001,0.45625,0.62703125,64.0,64.0,64.0,3.016226425199168,3.0032751091703056,3.03125,0.7331323052216093,0.5548979591836735,0.9064853556485356,2.2830941199775587,2.11234309623431,2.4634693877551017,0.7565870038979244,0.69936889818689,0.8155884353741497,-6957.44,-8026.0,-5840.0,-0.5435500000000001,-0.62703125,-0.45624999999999993,"[2289.5, 2544.5, 1829.5, 2344.0, 2358.0, 2019.0, 1708.5, 1918.0, 2065.0, 2165.0, 2317.0, 1867.5, 1849.0, 1781.5, 2463.0, 2111.5, 2155.0, 1894.5, 1880.5, 2158.0, 2356.5, 2079.0, 2004.0, 1891.5, 1950.0]","[262, 239, 240, 229, 265, 248, 214, 212, 257, 253, 236, 231, 245, 220, 259, 245, 230, 236, 227, 245, 237, 256, 235, 213, 242]",8.953638536101707,2.8988210359416073,0.2456883402970881,99.3670578787815,0.0,9696.855,152.771,773.663,1914.788,21.013,248782,248782,498851,1476,248782,339,28.85363636363637,91.1272727272727,27.05312156677246,599.7427368164062,2.5989823173378217,126.84413109756098,127.04385797764228
2664.0,1707.5,2151.64,249.36,21,3,254070,1453,254070,False,1038,47,b1f8b_00000,c45d7e9db04742289f3c512188e9cfe2,2026-03-21_23-11-32,1774109492,81.1545844078064,3813.694431781769,56051,ASUS-PAVT,172.27.211.168,3813.694431781769,69551,47,11.851318120956421,-28.024723807154135,-34.92631578947368,-22.752688172043012,-0.0021894315474339167,-0.002728618421052631,-0.0017775537634408603,2.1585391478514846,1.808792372881356,2.458133971291866,1.0,1.0,1.0,0.4323782935680137,0.36186440677966103,0.4934210526315789,0.40307348528468784,0.34695629767058334,0.48791068580542263,0.54116875,0.4959375,0.6128125,64.0,64.0,64.0,3.0213995398127964,3.005791505791506,3.033536585365854,0.7485670165280125,0.5918560606060606,0.8709558823529412,2.272832523284784,2.1391544117647054,2.4261363636363638,0.7515163859399064,0.7093785014005602,0.8032039141414141,-6926.96,-7844.0,-6348.0,-0.54116875,-0.6128125,-0.49593750000000003,"[2079.0, 2004.0, 1891.5, 1950.0, 1707.5, 1917.0, 2488.0, 2664.0, 2343.0, 2465.0, 2055.0, 2146.0, 2455.5, 2131.5, 2168.0, 2347.0, 2003.0, 2295.5, 1856.5, 2216.0, 2212.5, 1752.0, 1967.5, 2240.5, 2435.5]","[256, 235, 213, 242, 236, 243, 272, 286, 262, 290, 209, 246, 279, 242, 265, 272, 264, 253, 231, 259, 251, 190, 241, 246, 251]",8.94807429241564,2.8967398653835112,0.2455475055073949,99.51627217414125,0.0,10450.244,141.48,786.963,1878.741,20.904,254070,254070,509147,1453,254070,346,26.693693693693692,90.92432432432435,37.473541259765625,513.2797241210938,2.65258503419649,129.69633947006193,129.71057725395733
2904.0,1752.0,2210.14,244.72,21,3,259260,1459,259260,False,1059,48,b1f8b_00000,c45d7e9db04742289f3c512188e9cfe2,2026-03-21_23-12-55,1774109575,82.86504173278809,3896.559473514557,56051,ASUS-PAVT,172.27.211.168,3896.559473514557,71010,48,11.851318120956421,-27.14838549726929,-34.92631578947368,-18.57831325301205,-0.0021209676169741632,-0.002728618421052631,-0.0014514307228915663,2.257629528450026,1.888265306122449,2.9156626506024095,1.0,1.0,1.0,0.4524851534969988,0.3788775510204082,0.5852409638554217,0.4264779073352111,0.3560962099125365,0.6052438324727482,0.5157125,0.36140625,0.62765625,64.0,64.0,64.0,3.0227662494029968,3.011168384879725,3.0394144144144146,0.7485339756858488,0.6381742738589212,0.9208835341365462,2.274232273717148,2.0971887550200803,2.3825203252032523,0.7517293730999678,0.6942938420348059,0.7878734439834022,-6601.12,-8034.0,-4626.0,-0.5157125,-0.62765625,-0.36140625000000004,"[1752.0, 1967.5, 2240.5, 2435.5, 2270.5, 2254.5, 2423.5, 2103.5, 2489.5, 2226.5, 1945.5, 1962.5, 1916.5, 2236.5, 2072.5, 2106.5, 2516.5, 2904.0, 2321.5, 1802.0, 2299.0, 2092.5, 1850.5, 2387.0, 2677.0]","[190, 241, 246, 251, 248, 252, 254, 227, 267, 243, 257, 241, 224, 246, 231, 252, 259, 249, 229, 222, 275, 237, 245, 241, 291]",8.947298258158776,2.8928479174739032,0.24549880388976306,99.56130244454894,0.0,11288.984,132.775,837.46,1789.818,20.767,259260,259260,519639,1459,259260,353,25.0787610619469,91.66371681415927,25.22454833984375,447.45465087890625,2.295480938624486,122.3592143591501,122.47353709732694
2891.0,1785.0,2209.64,249.04,21,3,264472,1417,264472,False,1080,49,b1f8b_00000,c45d7e9db04742289f3c512188e9cfe2,2026-03-21_23-14-25,1774109665,89.59496068954468,3986.1544342041016,56051,ASUS-PAVT,172.27.211.168,3986.1544342041016,72427,49,11.851318120956421,-26.659963921126,-32.484848484848484,-19.837638376383765,-0.002082809681337969,-0.0025378787878787877,-0.0015498154981549814,2.2161713520700017,1.888265306122449,2.6669741697416973,1.0,1.0,1.0,0.4440259525317152,0.3788775510204082,0.5342250922509224,0.40842850622756655,0.3425489589775304,0.48858822367121124,0.51458125,0.4175,0.58984375,64.0,64.0,64.0,3.0184363770453775,3.0055350553505535,3.0307377049180326,0.7783698705919231,0.6127413127413127,0.9706642066420664,2.240066506453454,2.0348708487084872,2.4027027027027024,0.7416904967871685,0.6767220172201721,0.796702059202059,-6586.64,-7550.0,-5344.0,-0.51458125,-0.58984375,-0.4174999999999999,"[2092.5, 1850.5, 2387.0, 2677.0, 2196.5, 2891.0, 1958.0, 1907.5, 2146.0, 2091.0, 2124.0, 2222.0, 1785.0, 2605.5, 2079.5, 2296.0, 2044.5, 2211.5, 2712.0, 1884.5, 2508.0, 2245.5, 2055.5, 2269.5, 2001.0]","[237, 245, 241, 291, 233, 271, 229, 236, 249, 243, 243, 231, 225, 310, 251, 244, 251, 228, 263, 231, 277, 251, 259, 244, 243]",8.954960480810888,2.888875065238838,0.24544711083034845,99.55847825594145,0.0,11807.402,125.879,763.229,1947.384,20.419,264472,264472,530014,1417,264472,360,23.55206611570248,91.13966942148758,31.213308334350586,433.4078369140625,2.4778633198438604,137.9485268172195,137.87956510232885
2852.0,1692.5,2184.8,247.76,21,3,269669,1397,269669,False,1101,50,b1f8b_00000,c45d7e9db04742289f3c512188e9cfe2,2026-03-21_23-15-48,1774109748,83.47042298316956,4069.624857187271,56051,ASUS-PAVT,172.27.211.168,4069.624857187271,73824,50,11.851318120956421,-27.799600880137223,-36.93396226415094,-21.36026936026936,-0.00217184381876072,-0.002885465801886793,-0.001668771043771044,2.204139609121798,1.7783653846153846,2.514328063241107,1.0,1.0,1.0,0.44168543260655246,0.35625,0.5031542056074767,0.40366678478577767,0.31928663003663005,0.5318257676902536,0.53316875,0.4696875,0.61171875,64.0,64.0,64.0,3.0219561971560047,3.0067307692307694,3.040650406504065,0.7520535777032216,0.5438325991189427,0.8869158878504674,2.269902619452783,2.142125984251968,2.467180616740088,0.750663421039985,0.7070071206052514,0.8193685756240822,-6824.56,-7830.0,-6012.0,-0.53316875,-0.6117187500000001,-0.4696875,"[2245.5, 2055.5, 2269.5, 2001.0, 1981.0, 2017.5, 2397.5, 1792.0, 2691.0, 2544.5, 2051.0, 2319.5, 2319.5, 2116.5, 2235.0, 2336.5, 2539.5, 1849.5, 2852.0, 1692.5, 1905.0, 2040.5, 2150.5, 1823.5, 2394.0]","[251, 259, 244, 243, 249, 225, 254, 218, 269, 253, 248, 233, 234, 246, 275, 258, 296, 260, 297, 212, 218, 246, 214, 227, 265]",8.932924145555676,2.884971233231754,0.24542469082238455,99.52686685925602,0.0,11960.962,121.621,727.85,1998.627,19.452,269669,269669,540110,1397,269669,367,26.418260869565216,91.26347826086956,30.92308235168457,739.730224609375,2.5154911333437724,138.60423004652827,138.4900903722262
2905.0,1751.5,2204.86,252.24,21,3,275023,1470,275023,False,1122,51,b1f8b_00000,c45d7e9db04742289f3c512188e9cfe2,2026-03-21_23-17-05,1774109825,76.92599534988403,4146.550852537155,56051,ASUS-PAVT,172.27.211.168,4146.550852537155,75294,51,11.851318120956421,-27.052331270646267,-31.98095238095238,-20.435064935064936,-0.00211346338051924,-0.0024985119047619044,-0.001596489448051948,2.184719095016648,1.8656367041198503,2.5399038461538463,1.0,1.0,1.0,0.43766649175098704,0.37462546816479403,0.5079807692307692,0.415072793500324,0.32948310948310944,0.5318257676902536,0.5275124999999999,0.45734375,0.59578125,64.0,64.0,64.0,3.0172821484802403,3.0048076923076925,3.040650406504065,0.7709797680819933,0.5438325991189427,0.9427350427350427,2.246302380398247,2.080769230769231,2.467180616740088,0.7439135960401779,0.6872909035409035,0.8193685756240822,-6752.16,-7626.0,-5854.0,-0.5275124999999999,-0.5957812499999999,-0.45734375,"[2040.5, 2150.5, 1823.5, 2394.0, 2505.5, 2486.0, 2102.0, 1767.0, 1917.0, 2187.5, 2194.5, 2905.0, 2262.0, 2740.5, 1992.5, 1932.5, 2338.5, 2641.5, 2089.5, 1751.5, 2190.5, 2173.5, 2417.5, 2031.5, 2087.0]","[246, 214, 227, 265, 281, 301, 217, 235, 225, 253, 265, 308, 249, 299, 267, 234, 261, 260, 244, 210, 243, 255, 274, 245, 228]",8.936004576783484,2.8813697463624846,0.245344682219151,99.53361676654441,0.0,10757.22,137.173,773.204,1908.422,19.22,275023,275023,550567,1470,275023,374,25.783962264150937,92.1452830188679,26.66610336303711,681.6149291992188,2.451150284332483,120.83207908163266,121.03531037414966
2449.5,1666.0,2166.54,246.48,21,3,280183,1572,280183,False,1143,52,b1f8b_00000,c45d7e9db04742289f3c512188e9cfe2,2026-03-21_23-18-32,1774109912,86.2066719532013,4232.757524490356,56051,ASUS-PAVT,172.27.211.168,4232.757524490356,76866,52,11.851318120956421,-27.28011277309414,-35.31192660550459,-22.525547445255473,-0.0021312588103979796,-0.002758744266055046,-0.0017598083941605838,2.1966885510126373,1.8958333333333333,2.46741452991453,1.0,1.0,1.0,0.44031874164876705,0.37916666666666676,0.49476495726495723,0.41133036537527223,0.33434884559884553,0.5318449890416417,0.52315625,0.428125,0.60140625,64.0,64.0,64.0,3.0150839181528273,2.952928870292887,3.03125,0.7782619546561116,0.6660550458715596,0.9239919354838709,2.2368219634967157,2.067364016736402,2.364908256880734,0.7410423872519207,0.6936155913978496,0.7788990825688071,-6696.4,-7698.0,-5480.0,-0.52315625,-0.60140625,-0.428125,"[2173.5, 2417.5, 2031.5, 2087.0, 2347.5, 1775.5, 2266.0, 2447.5, 2080.0, 2199.5, 2222.0, 2349.5, 2331.0, 2332.0, 1955.0, 2052.0, 2002.0, 2076.5, 1978.0, 2359.0, 2309.5, 1999.0, 1666.0, 2257.0, 2449.5]","[255, 274, 245, 228, 246, 223, 237, 265, 240, 246, 248, 257, 239, 247, 228, 248, 264, 239, 252, 263, 234, 239, 218, 255, 272]",8.928927935939617,2.8783175595340635,0.2452920654607523,99.5738266213727,0.0,11178.228,133.644,761.939,1960.655,19.68,280183,280183,561096,1572,280183,381,25.264102564102565,91.85213675213674,60.648929595947266,649.87890625,3.1587053837666983,128.09409788486005,128.33905852417303
2478.5,1497.5,2081.86,242.2,24,3,285966,1511,285966,False,1167,53,b1f8b_00000,c45d7e9db04742289f3c512188e9cfe2,2026-03-21_23-20-01,1774110001,88.67473340034485,4321.432257890701,56051,ASUS-PAVT,172.27.211.168,4321.432257890701,78377,53,11.851318120956421,-29.028046076198862,-37.6605504587156,-22.166064981949457,-0.002267816099703036,-0.0029422305045871556,-0.0017317238267148016,2.146371002525663,1.7173165137614679,2.4198979591836736,1.0,1.0,1.0,0.4304105115603836,0.34438073394495416,0.484795918367347,0.3989019607235255,0.32358999563128,0.48841470765521394,0.5458,0.47171875,0.64140625,64.0,64.0,64.0,3.0182355968447894,3.0081632653061225,3.028481012658228,0.7799119133188686,0.6260273972602741,0.9350378787878788,2.238323683525921,2.0782196969696973,2.395662100456621,0.7409839488941858,0.689069264069264,0.792721243748641,-6986.24,-8210.0,-6038.0,-0.5458,-0.64140625,-0.47171875,"[2449.5, 1937.5, 2141.0, 1688.5, 2038.5, 2203.0, 2371.5, 2012.0, 2120.0, 2141.0, 2478.5, 1961.0, 1900.0, 1946.0, 1497.5, 2006.5, 2230.5, 2079.5, 2010.0, 1938.0, 2145.0, 1996.0, 2088.0, 2199.5, 2468.0]","[272, 262, 250, 219, 229, 261, 245, 240, 243, 242, 264, 232, 233, 230, 218, 233, 258, 231, 237, 222, 228, 248, 237, 244, 277]",8.91696108704827,2.8734035313699127,0.245304004046863,99.46618125670065,0.0,10588.438,140.323,789.147,1882.794,20.271,285966,285966,572889,1511,285966,389,26.696747967479677,91.93983739837397,29.0214786529541,610.3167114257812,2.373367764001489,125.29457933487757,125.40628102250166
2508.0,1705.0,2107.12,242.24,24,3,291745,1450,291745,False,1191,54,b1f8b_00000,c45d7e9db04742289f3c512188e9cfe2,2026-03-21_23-21-27,1774110087,86.57640838623047,4408.008666276932,56051,ASUS-PAVT,172.27.211.168,4408.008666276932,79827,54,11.851318120956421,-28.603082766963883,-35.418502202643175,-22.166064981949457,-0.002234615841169054,-0.002767070484581498,-0.0017317238267148016,2.1757637213049064,1.8777533039647578,2.4912663755458517,1.0,1.0,1.0,0.4359495433852235,0.3765051395007342,0.49836244541484714,0.4025626439373858,0.33065449968533667,0.5696156310057655,0.53730625,0.4353125,0.628125,64.0,64.0,64.0,3.021410643456972,3.0034883720930234,3.0347533632286994,0.7744068039524534,0.6281007751937985,0.9617903930131004,2.2470038395045187,2.0687772925764194,2.393217054263566,0.7429555809019719,0.6810199625701809,0.7919015319306016,-6877.52,-8040.0,-5572.0,-0.53730625,-0.628125,-0.4353125,"[2468.0, 1896.5, 2323.0, 1830.0, 1908.0, 1759.0, 1835.0, 2049.0, 2254.5, 1889.0, 1894.0, 2426.0, 2123.5, 2338.5, 2282.0, 2508.0, 2408.0, 2094.5, 2087.0, 2053.0, 2196.5, 2133.5, 2112.0, 2104.5, 1705.0]","[277, 228, 239, 240, 215, 216, 238, 236, 229, 230, 221, 260, 235, 277, 229, 294, 258, 236, 223, 258, 248, 268, 230, 244, 227]",8.933512901498426,2.888923672882038,0.24528772709403465,99.50106213936319,0.0,10275.332,144.025,836.886,1768.341,20.822,291745,291745,584702,1450,291745,397,27.026495726495725,91.11965811965814,39.364837646484375,897.1671752929688,2.6828394396551722,127.27738146551724,127.45448275862068
2802.5,1623.0,2220.2,251.28,21,3,297058,1465,297058,False,1212,55,b1f8b_00000,c45d7e9db04742289f3c512188e9cfe2,2026-03-21_23-22-49,1774110169,81.49029541015625,4489.498961687088,56051,ASUS-PAVT,172.27.211.168,4489.498961687088,81292,55,11.851318120956421,-27.629094515850106,-35.418502202643175,-20.487272727272728,-0.00215852300905079,-0.002767070484581498,-0.001600568181818182,2.208986827960498,1.7796052631578947,2.6634615384615383,1.0,1.0,1.0,0.44252865092063925,0.35679824561403506,0.5330971659919027,0.39321794370966456,0.30339419978517723,0.45665895508000776,0.53996875,0.43390625,0.628125,64.0,64.0,64.0,3.019247812487001,3.0058823529411764,3.03125,0.7578190667220447,0.5756578947368421,0.9864372469635628,2.2614287457649564,2.0327935222672067,2.4517543859649122,0.7484037533796776,0.6729829381145171,0.8094031954887219,-6911.6,-8040.0,-5554.0,-0.53996875,-0.628125,-0.43390625,"[2133.5, 2112.0, 2104.5, 1705.0, 2344.0, 2368.5, 2284.0, 2278.5, 2449.5, 2241.0, 2355.0, 1623.0, 2342.5, 2001.0, 1978.5, 2143.5, 2337.5, 2631.5, 2321.5, 1821.0, 2802.5, 2169.0, 2380.5, 2259.0, 2318.5]","[268, 230, 244, 227, 267, 256, 249, 239, 264, 258, 240, 228, 255, 248, 266, 257, 230, 247, 247, 235, 275, 253, 289, 265, 245]",8.92066798038605,2.894365408209573,0.24516168216695192,99.63429217442923,0.0,11280.71,132.022,916.097,1625.701,20.724,297058,297058,595109,1465,297058,404,27.7424778761062,91.37079646017702,22.2617244720459,484.2019348144531,2.2858555087457337,122.25873506825938,122.35995093856656
2844.0,1726.5,2229.26,255.12,21,3,302384,1448,302384,True,1233,56,b1f8b_00000,c45d7e9db04742289f3c512188e9cfe2,2026-03-21_23-24-15,1774110255,86.29055428504944,4575.789515972137,56051,ASUS-PAVT,172.27.211.168,4575.789515972137,82740,56,11.851318120956421,-26.440861306117473,-34.905660377358494,-21.856209150326798,-0.0020656922895404273,-0.002727004716981132,-0.001707516339869281,2.18625059590784,1.7836174242424243,2.7540816326530613,1.0,1.0,1.0,0.4378952250853391,0.3567234848484849,0.5508163265306122,0.4107825743644763,0.3270661976911977,0.5334275996112731,0.5228875,0.42328125,0.6071875,64.0,64.0,64.0,3.0221955825024556,3.0047348484848486,3.0429184549356223,0.7506565587145394,0.5658018867924528,0.9322916666666666,2.271539023787916,2.095486111111111,2.4727467811158803,0.7509029676402958,0.6912962962962963,0.8122725741239891,-6692.96,-7772.0,-5418.0,-0.5228875,-0.6071875,-0.42328125000000005,"[2169.0, 2380.5, 2259.0, 2318.5, 2844.0, 2160.0, 2274.0, 2201.5, 2213.5, 2607.0, 1983.0, 2163.5, 1982.5, 2490.5, 2252.5, 1726.5, 2330.0, 2466.0, 2500.0, 1883.5, 1773.0, 1905.5, 2362.5, 1786.5, 2699.0]","[253, 289, 265, 245, 280, 226, 243, 244, 253, 306, 234, 261, 250, 288, 289, 212, 266, 240, 286, 264, 233, 223, 263, 220, 245]",8.911716537948246,2.8910722109657327,0.24512290732758513,99.6773468058952,0.0,11830.506,125.134,792.246,1868.611,20.171,302384,302384,605466,1448,302384,411,24.58547008547009,90.77264957264957,22.79291534423828,532.6431884765625,2.2694560519898137,126.25966850828729,126.34944751381215
